ASIN,end_time,product_name,reading_marketplace,start_time,total_reading_milliseconds
B002RI9176,2025-09-27T05:45:58.700Z,The Lord of the Rings: The classic fantasy masterpiece,www.amazon.com.br,2025-09-27T05:37:35.000Z,503700
B00A3D1HAQ,2025-09-27T04:17:00.400Z,A esperança (Jogos Vorazes Livro 3) (Portuguese Edition),www.amazon.com.br,2025-09-27T04:16:50.900Z,9500
B00A3D1HAQ,2025-09-26T05:00:43.400Z,A esperança (Jogos Vorazes Livro 3) (Portuguese Edition),www.amazon.com.br,2025-09-26T04:43:39.300Z,1024100
B00A3D1HAQ,2025-09-26T04:43:38.900Z,A esperança (Jogos Vorazes Livro 3) (Portuguese Edition),www.amazon.com.br,2025-09-26T04:43:35Z,3900
B00A3D1HAQ,2025-09-26T04:43:33.700Z,A esperança (Jogos Vorazes Livro 3) (Portuguese Edition),www.amazon.com.br,2025-09-26T04:25:57.500Z,1056200
B00A3D1HAQ,2025-09-26T04:24:48.900Z,A esperança (Jogos Vorazes Livro 3) (Portuguese Edition),www.amazon.com.br,2025-09-26T03:38:17Z,2791900
B002RI9176,2025-09-26T03:35:05.700Z,The Lord of the Rings: The classic fantasy masterpiece,www.amazon.com.br,2025-09-26T03:29:09.900Z,355800
B00A3D1HAQ,2025-09-26T03:37:53.200Z,A esperança (Jogos Vorazes Livro 3) (Portuguese Edition),www.amazon.com.br,2025-09-26T03:10:00.600Z,1672600
B00A3D1HAQ,2025-09-25T12:57:08.600Z,A esperança (Jogos Vorazes Livro 3) (Portuguese Edition),www.amazon.com.br,2025-09-25T12:35:06.600Z,1322000
B00A3D1HAQ,2025-09-25T05:20:15.400Z,A esperança (Jogos Vorazes Livro 3) (Portuguese Edition),www.amazon.com.br,2025-09-25T04:04:16.700Z,4558700
B00A3D1HAQ,2025-09-25T04:04:16.100Z,A esperança (Jogos Vorazes Livro 3) (Portuguese Edition),www.amazon.com.br,2025-09-25T03:58:38.400Z,337700
B00A3D1HAQ,2025-09-25T03:58:36.900Z,A esperança (Jogos Vorazes Livro 3) (Portuguese Edition),www.amazon.com.br,2025-09-25T03:58:27Z,9900
B002RI9176,2025-09-25T04:23:27.100Z,The Lord of the Rings: The classic fantasy masterpiece,www.amazon.com.br,2025-09-25T03:58:24.600Z,1502500
B002RI9176,2025-09-25T03:52:49.100Z,The Lord of the Rings: The classic fantasy masterpiece,www.amazon.com.br,2025-09-25T03:52:47.100Z,2000
B00A3D1HAQ,2025-09-25T03:41:52.900Z,A esperança (Jogos Vorazes Livro 3) (Portuguese Edition),www.amazon.com.br,2025-09-25T03:22:46.200Z,1146700
B00A3D1HAQ,2025-09-25T03:22:45.300Z,A esperança (Jogos Vorazes Livro 3) (Portuguese Edition),www.amazon.com.br,2025-09-25T03:14:37.400Z,487900
B002RI9176,2025-09-25T03:52:45.600Z,The Lord of the Rings: The classic fantasy masterpiece,www.amazon.com.br,2025-09-25T03:14:18.600Z,2307000
B002RI9176,2025-09-25T03:07:52.800Z,The Lord of the Rings: The classic fantasy masterpiece,www.amazon.com.br,2025-09-25T02:56:55Z,657800
B00A3D1HAQ,2025-09-25T03:12:09.200Z,A esperança (Jogos Vorazes Livro 3) (Portuguese Edition),www.amazon.com.br,2025-09-25T02:05:12.900Z,4016300
B002RI9176,2025-09-24T21:25:25.900Z,The Lord of the Rings: The classic fantasy masterpiece,www.amazon.com.br,2025-09-24T21:25:04.400Z,21500
B002RI9176,2025-09-24T03:40:35Z,The Lord of the Rings: The classic fantasy masterpiece,www.amazon.com.br,2025-09-24T03:05:39.700Z,2095300
B00A3D1HAQ,2025-09-24T04:23:31.700Z,A esperança (Jogos Vorazes Livro 3) (Portuguese Edition),www.amazon.com.br,2025-09-24T02:54:48.600Z,5323100
B002RI9176,2025-09-23T13:50:39.900Z,The Lord of the Rings: The classic fantasy masterpiece,www.amazon.com.br,2025-09-23T13:45:43Z,296900
B002RI9176,2025-09-23T13:42:03.400Z,The Lord of the Rings: The classic fantasy masterpiece,www.amazon.com.br,2025-09-23T13:25:24.100Z,999300
B002RI9176,2025-09-23T13:24:35.900Z,The Lord of the Rings: The classic fantasy masterpiece,www.amazon.com.br,2025-09-23T13:16:59Z,456900
B002RI9176,2025-09-23T13:11:36.100Z,The Lord of the Rings: The classic fantasy masterpiece,www.amazon.com.br,2025-09-23T13:09:51.300Z,104800
B002RI9176,2025-09-23T12:58:27.900Z,The Lord of the Rings: The classic fantasy masterpiece,www.amazon.com.br,2025-09-23T12:51:50.100Z,397800
B002RI9176,2025-09-23T12:51:27Z,The Lord of the Rings: The classic fantasy masterpiece,www.amazon.com.br,2025-09-23T12:41:16.700Z,610300
B00A3D1HAQ,2025-09-23T05:06:53.400Z,A esperança (Jogos Vorazes Livro 3) (Portuguese Edition),www.amazon.com.br,2025-09-23T04:08:41.400Z,3492000
B002RI9176,2025-09-23T03:37:28.800Z,The Lord of the Rings: The classic fantasy masterpiece,www.amazon.com.br,2025-09-23T03:37:27.500Z,1300
B002RI9176,2025-09-23T03:37:26.400Z,The Lord of the Rings: The classic fantasy masterpiece,www.amazon.com.br,2025-09-23T03:29:22.800Z,483600
B002RI9176,2025-09-23T03:29:17.400Z,The Lord of the Rings: The classic fantasy masterpiece,www.amazon.com.br,2025-09-23T03:03:43.700Z,1533700
B002RI9176,2025-09-23T03:03:26.500Z,The Lord of the Rings: The classic fantasy masterpiece,www.amazon.com.br,2025-09-23T02:59:33Z,233500
B002RI9176,2025-09-23T02:58:06.600Z,The Lord of the Rings: The classic fantasy masterpiece,www.amazon.com.br,2025-09-23T02:52:02Z,364600
B002RI9176,2025-09-23T02:51:33.700Z,The Lord of the Rings: The classic fantasy masterpiece,www.amazon.com.br,2025-09-23T02:49:15.300Z,138400
B002RI9176,2025-09-23T02:42:00.700Z,The Lord of the Rings: The classic fantasy masterpiece,www.amazon.com.br,2025-09-23T02:41:26.100Z,34600
B002RI9176,2025-09-22T04:38:15.700Z,The Lord of the Rings: The classic fantasy masterpiece,www.amazon.com.br,2025-09-22T04:21:14.400Z,1021300
B002RI9176,2025-09-22T04:20:36Z,The Lord of the Rings: The classic fantasy masterpiece,www.amazon.com.br,2025-09-22T04:11:44.500Z,531500
B002RI9176,2025-09-22T03:09:02.900Z,The Lord of the Rings: The classic fantasy masterpiece,www.amazon.com.br,2025-09-22T02:47:33.700Z,1289200
B002RI9176,2025-09-22T01:23:41.900Z,The Lord of the Rings: The classic fantasy masterpiece,www.amazon.com.br,2025-09-22T01:23:09.900Z,32000
B002RI9176,2025-09-21T05:26:28.200Z,The Lord of the Rings: The classic fantasy masterpiece,www.amazon.com.br,2025-09-21T05:19:44.100Z,404100
B002RI9176,2025-09-21T05:19:36.200Z,The Lord of the Rings: The classic fantasy masterpiece,www.amazon.com.br,2025-09-21T05:12:11.400Z,444800
B002RI9176,2025-09-21T04:56:48.100Z,The Lord of the Rings: The classic fantasy masterpiece,www.amazon.com.br,2025-09-21T04:41:46.200Z,901900
B002RI9176,2025-09-21T04:33:33Z,The Lord of the Rings: The classic fantasy masterpiece,www.amazon.com.br,2025-09-21T04:32:53.600Z,39400
B002RI9176,2025-09-21T04:30:58.600Z,The Lord of the Rings: The classic fantasy masterpiece,www.amazon.com.br,2025-09-21T04:17:21.400Z,817200
B002RI9176,2025-09-21T04:16:51.600Z,The Lord of the Rings: The classic fantasy masterpiece,www.amazon.com.br,2025-09-21T04:11:19.200Z,332400
B002RI9176,2025-09-21T04:10:44.900Z,The Lord of the Rings: The classic fantasy masterpiece,www.amazon.com.br,2025-09-21T04:10:32.600Z,12300
B002RI9176,2025-09-21T04:08:55.200Z,The Lord of the Rings: The classic fantasy masterpiece,www.amazon.com.br,2025-09-21T04:08:31.100Z,24100
B002RI9176,2025-09-21T04:07:16.100Z,The Lord of the Rings: The classic fantasy masterpiece,www.amazon.com.br,2025-09-21T04:05:27.600Z,108500
B002RI9176,2025-09-21T04:04:24.400Z,The Lord of the Rings: The classic fantasy masterpiece,www.amazon.com.br,2025-09-21T04:04:08.500Z,15900
B002RI9176,2025-09-21T04:03:06.200Z,The Lord of the Rings: The classic fantasy masterpiece,www.amazon.com.br,2025-09-21T04:02:58.200Z,8000
B002RI9176,2025-09-21T04:02:51.900Z,The Lord of the Rings: The classic fantasy masterpiece,www.amazon.com.br,2025-09-21T04:02:10.400Z,41500
B002RI9176,2025-09-21T03:23:43.100Z,The Lord of the Rings: The classic fantasy masterpiece,www.amazon.com.br,2025-09-21T03:23:34.400Z,8700
B002RI9176,2025-09-21T02:46:49.400Z,The Lord of the Rings: The classic fantasy masterpiece,www.amazon.com.br,2025-09-21T02:46:03.800Z,45600
B002RI9176,2025-09-21T02:44:52Z,The Lord of the Rings: The classic fantasy masterpiece,www.amazon.com.br,2025-09-21T02:44:42.900Z,9100
B002RI9176,2025-09-21T02:44:43.500Z,The Lord of the Rings: The classic fantasy masterpiece,www.amazon.com.br,2025-09-21T02:44:31.600Z,11900
B002RI9176,2025-09-21T02:44:32Z,The Lord of the Rings: The classic fantasy masterpiece,www.amazon.com.br,2025-09-21T02:44:09.800Z,22200
B002RI9176,2025-09-21T02:44:10.400Z,The Lord of the Rings: The classic fantasy masterpiece,www.amazon.com.br,2025-09-21T02:42:29.700Z,100700
B002RI9176,2025-09-21T02:42:30Z,The Lord of the Rings: The classic fantasy masterpiece,www.amazon.com.br,2025-09-21T02:42:13.800Z,16200
B002RI9176,2025-09-21T02:42:14.400Z,The Lord of the Rings: The classic fantasy masterpiece,www.amazon.com.br,2025-09-21T02:42:07.700Z,6700
B002RI9176,2025-09-21T02:42:08Z,The Lord of the Rings: The classic fantasy masterpiece,www.amazon.com.br,2025-09-21T02:41:57.100Z,10900
B002RI9176,2025-09-21T02:41:51.800Z,The Lord of the Rings: The classic fantasy masterpiece,www.amazon.com.br,2025-09-21T02:40:31.200Z,80600
B002RI9176,2025-09-21T00:49:07.200Z,The Lord of the Rings: The classic fantasy masterpiece,www.amazon.com.br,2025-09-21T00:48:37.400Z,29800
B002RI9176,2025-09-21T00:48:31.600Z,The Lord of the Rings: The classic fantasy masterpiece,www.amazon.com.br,2025-09-21T00:47:38.900Z,52700
B002RI9176,2025-09-21T00:23:49.900Z,The Lord of the Rings: The classic fantasy masterpiece,www.amazon.com.br,2025-09-21T00:23:24.600Z,25300
B002RI9176,2025-09-21T00:08:59.400Z,The Lord of the Rings: The classic fantasy masterpiece,www.amazon.com.br,2025-09-21T00:08:51.100Z,8300
B002RI9176,2025-09-20T23:50:46Z,The Lord of the Rings: The classic fantasy masterpiece,www.amazon.com.br,2025-09-20T23:49:45.300Z,60700
B002RI9176,2025-09-20T23:39:08.500Z,The Lord of the Rings: The classic fantasy masterpiece,www.amazon.com.br,2025-09-20T23:39:06.600Z,1900
B002RI9176,2025-09-20T23:34:37.200Z,The Lord of the Rings: The classic fantasy masterpiece,www.amazon.com.br,2025-09-20T23:33:56.100Z,41100
B002RI9176,2025-09-20T23:32:33.800Z,The Lord of the Rings: The classic fantasy masterpiece,www.amazon.com.br,2025-09-20T23:32:27.300Z,6500
B002RI9176,2025-09-20T23:30:32.700Z,The Lord of the Rings: The classic fantasy masterpiece,www.amazon.com.br,2025-09-20T23:30:24.800Z,7900
B002RI9176,2025-09-20T23:30:03.200Z,The Lord of the Rings: The classic fantasy masterpiece,www.amazon.com.br,2025-09-20T23:29:58.400Z,4800
B002RI9176,2025-09-20T23:27:00.600Z,The Lord of the Rings: The classic fantasy masterpiece,www.amazon.com.br,2025-09-20T23:24:38.600Z,142000
B002RI9176,2025-09-20T23:23:16.400Z,The Lord of the Rings: The classic fantasy masterpiece,www.amazon.com.br,2025-09-20T23:22:46.400Z,30000
B002RI9176,2025-09-20T23:20:53.600Z,The Lord of the Rings: The classic fantasy masterpiece,www.amazon.com.br,2025-09-20T23:20:47.400Z,6200
B002RI9176,2025-09-20T23:20:10.200Z,The Lord of the Rings: The classic fantasy masterpiece,www.amazon.com.br,2025-09-20T23:20:06.100Z,4100
B002RI9176,2025-09-20T23:18:07.300Z,The Lord of the Rings: The classic fantasy masterpiece,www.amazon.com.br,2025-09-20T23:17:49.700Z,17600
B002RI9176,2025-09-20T23:17:25.700Z,The Lord of the Rings: The classic fantasy masterpiece,www.amazon.com.br,2025-09-20T23:17:01.600Z,24100
B002RI9176,2025-09-20T23:16:53.300Z,The Lord of the Rings: The classic fantasy masterpiece,www.amazon.com.br,2025-09-20T23:16:40.800Z,12500
B002RI9176,2025-09-20T23:15:30.500Z,The Lord of the Rings: The classic fantasy masterpiece,www.amazon.com.br,2025-09-20T23:15:19.100Z,11400
B002RI9176,2025-09-20T21:28:06.800Z,The Lord of the Rings: The classic fantasy masterpiece,www.amazon.com.br,2025-09-20T21:27:53.600Z,13200
B002RI9176,2025-09-20T21:27:01.100Z,The Lord of the Rings: The classic fantasy masterpiece,www.amazon.com.br,2025-09-20T21:26:49.400Z,11700
B002RI9176,2025-09-20T21:26:32.300Z,The Lord of the Rings: The classic fantasy masterpiece,www.amazon.com.br,2025-09-20T21:26:24.300Z,8000
B002RI9176,2025-09-20T21:24:40.300Z,The Lord of the Rings: The classic fantasy masterpiece,www.amazon.com.br,2025-09-20T21:24:28.600Z,11700
B00A3D1HAQ,2025-09-20T15:01:35.800Z,A esperança (Jogos Vorazes Livro 3) (Portuguese Edition),www.amazon.com.br,2025-09-20T15:01:27Z,8800
B00A3D1HAQ,2025-09-20T14:26:01.100Z,A esperança (Jogos Vorazes Livro 3) (Portuguese Edition),www.amazon.com.br,2025-09-20T14:26:01.100Z,0
B002RI9176,2025-09-20T06:17:42Z,The Lord of the Rings: The classic fantasy masterpiece,www.amazon.com.br,2025-09-20T06:05:22.600Z,739400
B00A3D1HAQ,2025-09-20T06:14:39.400Z,A esperança (Jogos Vorazes Livro 3) (Portuguese Edition),www.amazon.com.br,2025-09-20T05:57:04.700Z,1054700
B002RI9176,2025-09-20T02:37:34.600Z,The Lord of the Rings: The classic fantasy masterpiece,www.amazon.com.br,2025-09-20T02:37:27.700Z,6900
B00A3D1HAQ,2025-09-19T03:23:02.200Z,A esperança (Jogos Vorazes Livro 3) (Portuguese Edition),www.amazon.com.br,2025-09-19T03:18:55.700Z,246500
B002RI9176,2025-09-19T03:30:08.200Z,The Lord of the Rings: The classic fantasy masterpiece,www.amazon.com.br,2025-09-19T03:11:45.500Z,1102700
B002RI9176,2025-09-19T03:11:29.900Z,The Lord of the Rings: The classic fantasy masterpiece,www.amazon.com.br,2025-09-19T03:04:22.200Z,427700
B002RI9176,2025-09-19T02:58:25.900Z,The Lord of the Rings: The classic fantasy masterpiece,www.amazon.com.br,2025-09-19T02:48:12.100Z,613800
B00A3D1HAQ,2025-09-19T03:18:38.300Z,A esperança (Jogos Vorazes Livro 3) (Portuguese Edition),www.amazon.com.br,2025-09-19T02:39:48Z,2330300
B002RI9176,2025-09-18T04:38:48.700Z,The Lord of the Rings: The classic fantasy masterpiece,www.amazon.com.br,2025-09-18T04:24:24.300Z,864400
B002RI9176,2025-09-18T04:16:34.800Z,The Lord of the Rings: The classic fantasy masterpiece,www.amazon.com.br,2025-09-18T04:16:30.300Z,4500
B002RI9176,2025-09-18T04:15:17.100Z,The Lord of the Rings: The classic fantasy masterpiece,www.amazon.com.br,2025-09-18T03:34:47.500Z,2429600
B00A3D1HAQ,2025-09-17T03:20:51.500Z,A esperança (Jogos Vorazes Livro 3) (Portuguese Edition),www.amazon.com.br,2025-09-17T02:59:19.400Z,1292100
B00A3D1HAQ,2025-09-17T02:57:57.900Z,A esperança (Jogos Vorazes Livro 3) (Portuguese Edition),www.amazon.com.br,2025-09-17T02:40:42.700Z,1035200
B00A3D1HAQ,2025-09-17T02:34:42.600Z,A esperança (Jogos Vorazes Livro 3) (Portuguese Edition),www.amazon.com.br,2025-09-17T02:27:03.700Z,458900
B00A3D1HAQ,2025-09-16T04:50:02Z,A esperança (Jogos Vorazes Livro 3) (Portuguese Edition),www.amazon.com.br,2025-09-16T04:35:14.800Z,887200
B002RI9176,2025-09-16T03:10:38Z,The Lord of the Rings: The classic fantasy masterpiece,www.amazon.com.br,2025-09-16T02:54:58.800Z,939200
B002RI9176,2025-09-16T02:48:48Z,The Lord of the Rings: The classic fantasy masterpiece,www.amazon.com.br,2025-09-16T02:44:34.600Z,253400
B002RI9176,2025-09-16T02:44:30.400Z,The Lord of the Rings: The classic fantasy masterpiece,www.amazon.com.br,2025-09-16T02:43:29.300Z,61100
B00A3D1HAQ,2025-09-15T17:40:59.300Z,A esperança (Jogos Vorazes Livro 3) (Portuguese Edition),www.amazon.com.br,2025-09-15T17:40:57.300Z,2000
B00A3D1HAQ,2025-09-15T17:32:31.400Z,A esperança (Jogos Vorazes Livro 3) (Portuguese Edition),www.amazon.com.br,2025-09-15T17:31:41.200Z,50200
B00A3D1HAQ,2025-09-15T17:25:24.200Z,A esperança (Jogos Vorazes Livro 3) (Portuguese Edition),www.amazon.com.br,2025-09-15T17:16:29.500Z,534700
B00A3D1HAQ,2025-09-15T15:56:07.600Z,A esperança (Jogos Vorazes Livro 3) (Portuguese Edition),www.amazon.com.br,2025-09-15T15:46:57.200Z,550400
B00A3D1HAQ,2025-09-15T15:44:43.400Z,A esperança (Jogos Vorazes Livro 3) (Portuguese Edition),www.amazon.com.br,2025-09-15T15:44:36.500Z,6900
B00A3D1HAQ,2025-09-15T15:40:23.200Z,A esperança (Jogos Vorazes Livro 3) (Portuguese Edition),www.amazon.com.br,2025-09-15T15:35:09.900Z,313300
B002RI9176,2025-09-15T04:24:04.100Z,The Lord of the Rings: The classic fantasy masterpiece,www.amazon.com.br,2025-09-15T04:24:02.300Z,1800
B002RI9176,2025-09-15T04:23:16.700Z,The Lord of the Rings: The classic fantasy masterpiece,www.amazon.com.br,2025-09-15T04:09:36.700Z,820000
B002RI9176,2025-09-15T04:09:11.700Z,The Lord of the Rings: The classic fantasy masterpiece,www.amazon.com.br,2025-09-15T04:09:01.700Z,10000
B002RI9176,2025-09-15T04:08:51Z,The Lord of the Rings: The classic fantasy masterpiece,www.amazon.com.br,2025-09-15T04:08:30.800Z,20200
B00A3D1HAQ,2025-09-15T04:09:05.900Z,A esperança (Jogos Vorazes Livro 3) (Portuguese Edition),www.amazon.com.br,2025-09-15T04:08:28.100Z,37800
B002RI9176,2025-09-15T04:07:01.200Z,The Lord of the Rings: The classic fantasy masterpiece,www.amazon.com.br,2025-09-15T03:47:27.300Z,1173900
B00A3D1HAQ,2025-09-15T04:08:27.500Z,A esperança (Jogos Vorazes Livro 3) (Portuguese Edition),www.amazon.com.br,2025-09-15T03:40:40.100Z,1667400
B002RI9176,2025-09-15T01:26:48.300Z,The Lord of the Rings: The classic fantasy masterpiece,www.amazon.com.br,2025-09-15T01:26:46.300Z,2000
B002RI9176,2025-09-15T00:52:41.200Z,The Lord of the Rings: The classic fantasy masterpiece,www.amazon.com.br,2025-09-15T00:52:29.300Z,11900
B002RI9176,2025-09-15T00:50:04.700Z,The Lord of the Rings: The classic fantasy masterpiece,www.amazon.com.br,2025-09-15T00:49:58.200Z,6500
B002RI9176,2025-09-15T00:49:50.900Z,The Lord of the Rings: The classic fantasy masterpiece,www.amazon.com.br,2025-09-15T00:49:44.600Z,6300
B002RI9176,2025-09-15T00:49:16.300Z,The Lord of the Rings: The classic fantasy masterpiece,www.amazon.com.br,2025-09-15T00:48:53.600Z,22700
B002RI9176,2025-09-14T05:34:56.600Z,The Lord of the Rings: The classic fantasy masterpiece,www.amazon.com.br,2025-09-14T05:02:31.300Z,1945300
B002RI9176,2025-09-14T04:48:56.500Z,The Lord of the Rings: The classic fantasy masterpiece,www.amazon.com.br,2025-09-14T04:48:48Z,8500
B002RI9176,2025-09-14T04:46:33.900Z,The Lord of the Rings: The classic fantasy masterpiece,www.amazon.com.br,2025-09-14T04:46:07Z,26900
B00A3D1HAQ,2025-09-13T21:17:27.500Z,A esperança (Jogos Vorazes Livro 3) (Portuguese Edition),www.amazon.com.br,2025-09-13T21:16:30.400Z,57100
B002RI9176,2025-09-13T21:30:30Z,The Lord of the Rings: The classic fantasy masterpiece,www.amazon.com.br,2025-09-13T21:15:08.200Z,921800
B002RI9176,2025-09-13T21:14:51Z,The Lord of the Rings: The classic fantasy masterpiece,www.amazon.com.br,2025-09-13T21:08:01.600Z,409400
B002RI9176,2025-09-13T21:07:00.900Z,The Lord of the Rings: The classic fantasy masterpiece,www.amazon.com.br,2025-09-13T21:06:54.100Z,6800
B002RI9176,2025-09-13T21:06:34.400Z,The Lord of the Rings: The classic fantasy masterpiece,www.amazon.com.br,2025-09-13T21:06:22.600Z,11800
B002RI9176,2025-09-13T21:05:55.900Z,The Lord of the Rings: The classic fantasy masterpiece,www.amazon.com.br,2025-09-13T21:05:29Z,26900
B002RI9176,2025-09-13T21:03:36.200Z,The Lord of the Rings: The classic fantasy masterpiece,www.amazon.com.br,2025-09-13T21:03:16.200Z,20000
B002RI9176,2025-09-13T21:01:14.200Z,The Lord of the Rings: The classic fantasy masterpiece,www.amazon.com.br,2025-09-13T21:01:06.400Z,7800
B002RI9176,2025-09-13T20:57:08.700Z,The Lord of the Rings: The classic fantasy masterpiece,www.amazon.com.br,2025-09-13T20:56:40.900Z,27800
B002RI9176,2025-09-13T20:56:27.900Z,The Lord of the Rings: The classic fantasy masterpiece,www.amazon.com.br,2025-09-13T20:56:24.800Z,3100
B002RI9176,2025-09-13T20:54:57.300Z,The Lord of the Rings: The classic fantasy masterpiece,www.amazon.com.br,2025-09-13T20:54:49.500Z,7800
B002RI9176,2025-09-13T20:53:50.900Z,The Lord of the Rings: The classic fantasy masterpiece,www.amazon.com.br,2025-09-13T20:53:42.700Z,8200
B002RI9176,2025-09-13T20:52:25.700Z,The Lord of the Rings: The classic fantasy masterpiece,www.amazon.com.br,2025-09-13T20:52:18.300Z,7400
B002RI9176,2025-09-13T00:06:56Z,The Lord of the Rings: The classic fantasy masterpiece,www.amazon.com.br,2025-09-13T00:06:18.200Z,37800
B002RI9176,2025-09-12T04:31:53.900Z,The Lord of the Rings: The classic fantasy masterpiece,www.amazon.com.br,2025-09-12T04:01:43.200Z,1810700
B002RI9176,2025-09-12T04:00:04.700Z,The Lord of the Rings: The classic fantasy masterpiece,www.amazon.com.br,2025-09-12T03:59:38.900Z,25800
B002RI9176,2025-09-12T03:58:05.600Z,The Lord of the Rings: The classic fantasy masterpiece,www.amazon.com.br,2025-09-12T03:57:11.700Z,53900
B002RI9176,2025-09-11T03:26:05.700Z,The Lord of the Rings: The classic fantasy masterpiece,www.amazon.com.br,2025-09-11T03:26:01.200Z,4500
B002RI9176,2025-09-11T02:43:57.500Z,The Lord of the Rings: The classic fantasy masterpiece,www.amazon.com.br,2025-09-11T02:38:26.300Z,331200
B002RI9176,2025-09-11T02:23:19.800Z,The Lord of the Rings: The classic fantasy masterpiece,www.amazon.com.br,2025-09-11T02:16:53.600Z,386200
B002RI9176,2025-09-10T00:04:37.300Z,The Lord of the Rings: The classic fantasy masterpiece,www.amazon.com.br,2025-09-10T00:01:26.900Z,190400
B002RI9176,2025-09-10T00:01:18.900Z,The Lord of the Rings: The classic fantasy masterpiece,www.amazon.com.br,2025-09-10T00:00:58.700Z,20200
B002RI9176,2025-09-09T03:56:14.100Z,The Lord of the Rings: The classic fantasy masterpiece,www.amazon.com.br,2025-09-09T03:51:42.300Z,271800
B002RI9176,2025-09-09T03:47:51.400Z,The Lord of the Rings: The classic fantasy masterpiece,www.amazon.com.br,2025-09-09T03:22:22Z,1529400
B002RI9176,2025-09-09T03:21:05.800Z,The Lord of the Rings: The classic fantasy masterpiece,www.amazon.com.br,2025-09-09T03:21:02Z,3800
B002RI9176,2025-09-09T03:15:40.300Z,The Lord of the Rings: The classic fantasy masterpiece,www.amazon.com.br,2025-09-09T03:10:49.500Z,290800
B002RI9176,2025-09-08T18:46:45.800Z,The Lord of the Rings: The classic fantasy masterpiece,www.amazon.com.br,2025-09-08T18:46:01.100Z,44700
B002RI9176,2025-09-08T17:40:25.600Z,The Lord of the Rings: The classic fantasy masterpiece,www.amazon.com.br,2025-09-08T17:40:17.400Z,8200
B002RI9176,2025-09-08T17:40:04.400Z,The Lord of the Rings: The classic fantasy masterpiece,www.amazon.com.br,2025-09-08T17:32:04.900Z,479500
B002RI9176,2025-09-08T17:29:00.400Z,The Lord of the Rings: The classic fantasy masterpiece,www.amazon.com.br,2025-09-08T17:28:55.900Z,4500
B002RI9176,2025-09-08T17:27:45.700Z,The Lord of the Rings: The classic fantasy masterpiece,www.amazon.com.br,2025-09-08T17:27:35.400Z,10300
B002RI9176,2025-09-08T17:01:01.400Z,The Lord of the Rings: The classic fantasy masterpiece,www.amazon.com.br,2025-09-08T16:59:56.900Z,64500
B002RI9176,2025-09-08T16:59:27.700Z,The Lord of the Rings: The classic fantasy masterpiece,www.amazon.com.br,2025-09-08T16:59:16.500Z,11200
B00A3D1HAQ,2025-09-08T03:44:11.300Z,A esperança (Jogos Vorazes Livro 3) (Portuguese Edition),www.amazon.com.br,2025-09-08T03:29:53.400Z,857900
B002RI9176,2025-09-08T03:17:50.500Z,The Lord of the Rings: The classic fantasy masterpiece,www.amazon.com.br,2025-09-08T03:16:58.800Z,51700
B00A3D1HAQ,2025-09-08T03:29:14.400Z,A esperança (Jogos Vorazes Livro 3) (Portuguese Edition),www.amazon.com.br,2025-09-08T03:09:11.800Z,1202600
B002RI9176,2025-09-08T03:16:57.200Z,The Lord of the Rings: The classic fantasy masterpiece,www.amazon.com.br,2025-09-08T03:00:26.700Z,990500
B002RI9176,2025-09-08T02:59:59.200Z,The Lord of the Rings: The classic fantasy masterpiece,www.amazon.com.br,2025-09-08T02:56:16.800Z,222400
B002RI9176,2025-09-08T01:13:48.200Z,The Lord of the Rings: The classic fantasy masterpiece,www.amazon.com.br,2025-09-08T01:12:23.100Z,85100
B002RI9176,2025-09-08T01:07:52.300Z,The Lord of the Rings: The classic fantasy masterpiece,www.amazon.com.br,2025-09-08T01:07:42.200Z,10100
B002RI9176,2025-09-07T23:27:10.900Z,The Lord of the Rings: The classic fantasy masterpiece,www.amazon.com.br,2025-09-07T23:27:08.700Z,2200
B002RI9176,2025-09-07T23:26:27Z,The Lord of the Rings: The classic fantasy masterpiece,www.amazon.com.br,2025-09-07T23:26:06.800Z,20200
B002RI9176,2025-09-07T22:53:00.800Z,The Lord of the Rings: The classic fantasy masterpiece,www.amazon.com.br,2025-09-07T22:33:32.400Z,1168400
B002RI9176,2025-09-07T22:28:08.400Z,The Lord of the Rings: The classic fantasy masterpiece,www.amazon.com.br,2025-09-07T22:03:21.300Z,1487100
B002RI9176,2025-09-07T21:21:14.700Z,The Lord of the Rings: The classic fantasy masterpiece,www.amazon.com.br,2025-09-07T21:14:07.300Z,427400
B002RI9176,2025-09-07T21:13:24Z,The Lord of the Rings: The classic fantasy masterpiece,www.amazon.com.br,2025-09-07T21:01:02.200Z,741800
B002RI9176,2025-09-07T21:00:25.400Z,The Lord of the Rings: The classic fantasy masterpiece,www.amazon.com.br,2025-09-07T20:56:01.800Z,263600
B002RI9176,2025-09-07T20:49:49.700Z,The Lord of the Rings: The classic fantasy masterpiece,www.amazon.com.br,2025-09-07T20:43:35.500Z,374200
B00A3D1HAQ,2025-09-07T11:20:11.700Z,A esperança (Jogos Vorazes Livro 3) (Portuguese Edition),www.amazon.com.br,2025-09-07T11:20:09.300Z,2400
B002RI9176,2025-09-07T06:02:52.900Z,The Lord of the Rings: The classic fantasy masterpiece,www.amazon.com.br,2025-09-07T06:02:44.500Z,8400
B002RI9176,2025-09-07T06:02:41.100Z,The Lord of the Rings: The classic fantasy masterpiece,www.amazon.com.br,2025-09-07T06:02:01.500Z,39600
B002RI9176,2025-09-07T06:00:23.600Z,The Lord of the Rings: The classic fantasy masterpiece,www.amazon.com.br,2025-09-07T05:59:51.800Z,31800
B093KH5GSS,2025-09-07T05:59:42.900Z,The Lord of the Rings: The Classic Bestselling Fantasy Novel,www.amazon.com.br,2025-09-07T05:59:36.200Z,6700
B002RI9176,2025-09-07T05:59:18Z,The Lord of the Rings: The classic fantasy masterpiece,www.amazon.com.br,2025-09-07T05:56:50.800Z,147200
B002RI9176,2025-09-07T05:56:20Z,The Lord of the Rings: The classic fantasy masterpiece,www.amazon.com.br,2025-09-07T05:55:57Z,23000
B002RI9176,2025-09-07T05:55:06.800Z,The Lord of the Rings: The classic fantasy masterpiece,www.amazon.com.br,2025-09-07T05:53:51.800Z,75000
B002RI9ZY0,2025-09-07T05:53:09.400Z,The Hobbit: The Classic Bestselling Fantasy Novel,www.amazon.com.br,2025-09-07T05:36:24.400Z,1005000
B002RI9ZY0,2025-09-07T05:34:50.900Z,The Hobbit: The Classic Bestselling Fantasy Novel,www.amazon.com.br,2025-09-07T05:34:14.300Z,36600
B002RI9ZY0,2025-09-07T05:33:59.100Z,The Hobbit: The Classic Bestselling Fantasy Novel,www.amazon.com.br,2025-09-07T05:26:00Z,479100
B002RI9ZY0,2025-09-07T05:23:07Z,The Hobbit: The Classic Bestselling Fantasy Novel,www.amazon.com.br,2025-09-07T04:57:30Z,1537000
B002RI9ZY0,2025-09-07T04:57:28.600Z,The Hobbit: The Classic Bestselling Fantasy Novel,www.amazon.com.br,2025-09-07T04:26:41.300Z,1847300
B002RI9ZY0,2025-09-07T04:18:15Z,The Hobbit: The Classic Bestselling Fantasy Novel,www.amazon.com.br,2025-09-07T04:15:25.600Z,169400
B00A3D1HAQ,2025-09-07T04:14:26.500Z,A esperança (Jogos Vorazes Livro 3) (Portuguese Edition),www.amazon.com.br,2025-09-07T04:03:17.900Z,668600
B00A3D1HAQ,2025-09-07T04:03:16.100Z,A esperança (Jogos Vorazes Livro 3) (Portuguese Edition),www.amazon.com.br,2025-09-07T04:03:14Z,2100
B00A3D1HAQ,2025-09-07T04:00:47.400Z,A esperança (Jogos Vorazes Livro 3) (Portuguese Edition),www.amazon.com.br,2025-09-07T04:00:41.700Z,5700
B002RI9ZY0,2025-09-07T04:15:24.700Z,The Hobbit: The Classic Bestselling Fantasy Novel,www.amazon.com.br,2025-09-07T03:51:46.800Z,1417900
B00A3D1HAQ,2025-09-07T04:00:37.100Z,A esperança (Jogos Vorazes Livro 3) (Portuguese Edition),www.amazon.com.br,2025-09-07T03:37:11.400Z,1405700
B00A3D1HAQ,2025-09-07T03:36:42.700Z,A esperança (Jogos Vorazes Livro 3) (Portuguese Edition),www.amazon.com.br,2025-09-07T03:32:06.800Z,275900
B00A3D1HAQ,2025-09-07T03:30:54.400Z,A esperança (Jogos Vorazes Livro 3) (Portuguese Edition),www.amazon.com.br,2025-09-07T03:30:47.200Z,7200
B002RI9ZY0,2025-09-06T19:49:59.800Z,The Hobbit: The Classic Bestselling Fantasy Novel,www.amazon.com.br,2025-09-06T19:47:15.100Z,164700
B002RI9ZY0,2025-09-06T19:33:24.300Z,The Hobbit: The Classic Bestselling Fantasy Novel,www.amazon.com.br,2025-09-06T19:08:39.800Z,1484500
B002RI9ZY0,2025-09-06T03:57:29Z,The Hobbit: The Classic Bestselling Fantasy Novel,www.amazon.com.br,2025-09-06T03:57:26.700Z,2300
B00A3D1HAQ,2025-09-06T03:51:56.100Z,A esperança (Jogos Vorazes Livro 3) (Portuguese Edition),www.amazon.com.br,2025-09-06T03:51:56.100Z,0
B00A3D1GUW,2025-09-06T03:52:07.300Z,Em chamas (Jogos Vorazes Livro 2) (Portuguese Edition),www.amazon.com.br,2025-09-06T03:50:43.600Z,83700
B002RI9ZY0,2025-09-06T03:27:32.600Z,The Hobbit: The Classic Bestselling Fantasy Novel,www.amazon.com.br,2025-09-06T03:09:42.400Z,1070200
B002RI9ZY0,2025-09-06T03:09:32.200Z,The Hobbit: The Classic Bestselling Fantasy Novel,www.amazon.com.br,2025-09-06T03:02:06.700Z,445500
B00A3D1GUW,2025-09-06T03:50:32Z,Em chamas (Jogos Vorazes Livro 2) (Portuguese Edition),www.amazon.com.br,2025-09-06T02:43:27.100Z,4024900
B002RI9ZY0,2025-09-06T02:58:26.400Z,The Hobbit: The Classic Bestselling Fantasy Novel,www.amazon.com.br,2025-09-06T02:31:55.800Z,1590600
B002RI9ZY0,2025-09-06T02:31:34.200Z,The Hobbit: The Classic Bestselling Fantasy Novel,www.amazon.com.br,2025-09-06T02:10:57.800Z,1236400
B002RI9ZY0,2025-09-06T02:07:14Z,The Hobbit: The Classic Bestselling Fantasy Novel,www.amazon.com.br,2025-09-06T02:07:10.400Z,3600
B002RI9ZY0,2025-09-06T02:06:44.100Z,The Hobbit: The Classic Bestselling Fantasy Novel,www.amazon.com.br,2025-09-06T02:04:20.400Z,143700
B002RI9ZY0,2025-09-06T02:04:18.900Z,The Hobbit: The Classic Bestselling Fantasy Novel,www.amazon.com.br,2025-09-06T02:04:17.900Z,1000
B002RI9ZY0,2025-09-06T02:00:46.800Z,The Hobbit: The Classic Bestselling Fantasy Novel,www.amazon.com.br,2025-09-06T01:47:21.700Z,805100
B00A3D1GUW,2025-09-05T05:45:28.900Z,Em chamas (Jogos Vorazes Livro 2) (Portuguese Edition),www.amazon.com.br,2025-09-05T05:09:53.200Z,2135700
B00A3D1GUW,2025-09-05T05:02:12.700Z,Em chamas (Jogos Vorazes Livro 2) (Portuguese Edition),www.amazon.com.br,2025-09-05T05:02:10Z,2700
B00A3D1GUW,2025-09-05T04:48:48.200Z,Em chamas (Jogos Vorazes Livro 2) (Portuguese Edition),www.amazon.com.br,2025-09-05T04:32:54.600Z,953600
B00A3D1GUW,2025-09-02T11:58:37.900Z,Em chamas (Jogos Vorazes Livro 2) (Portuguese Edition),www.amazon.com.br,2025-09-02T11:58:35.500Z,2400
B00A3D1GUW,2025-09-02T02:37:09.200Z,Em chamas (Jogos Vorazes Livro 2) (Portuguese Edition),www.amazon.com.br,2025-09-02T02:20:08Z,1021200
B002RI9ZY0,2025-09-01T02:20:06.800Z,The Hobbit: The Classic Bestselling Fantasy Novel,www.amazon.com.br,2025-09-01T02:04:44.400Z,922400
B002RI9ZY0,2025-09-01T02:04:35.400Z,The Hobbit: The Classic Bestselling Fantasy Novel,www.amazon.com.br,2025-09-01T01:57:19.200Z,436200
B002RI9ZY0,2025-09-01T01:14:23.900Z,The Hobbit: The Classic Bestselling Fantasy Novel,www.amazon.com.br,2025-09-01T01:13:44.300Z,39600
B00A3D1GUW,2025-08-29T03:18:15.600Z,Em chamas (Jogos Vorazes Livro 2) (Portuguese Edition),www.amazon.com.br,2025-08-29T02:31:01Z,2834600
B00A3D1GUW,2025-08-26T03:39:59.500Z,Em chamas (Jogos Vorazes Livro 2) (Portuguese Edition),www.amazon.com.br,2025-08-26T02:39:29.200Z,3630300
B00A3D1GUW,2025-08-25T21:59:22.200Z,Em chamas (Jogos Vorazes Livro 2) (Portuguese Edition),www.amazon.com.br,2025-08-25T21:59:20.100Z,2100
B00A3D1GUW,2025-08-25T04:22:23.900Z,Em chamas (Jogos Vorazes Livro 2) (Portuguese Edition),www.amazon.com.br,2025-08-25T04:15:59.100Z,384800
B00A3D1GUW,2025-08-25T04:05:28.600Z,Em chamas (Jogos Vorazes Livro 2) (Portuguese Edition),www.amazon.com.br,2025-08-25T03:05:26.500Z,3602100
B00A3D1GUW,2025-08-24T06:53:52.200Z,Em chamas (Jogos Vorazes Livro 2) (Portuguese Edition),www.amazon.com.br,2025-08-24T06:07:51.100Z,2761100
B00A3D1GUW,2025-08-24T06:07:50.300Z,Em chamas (Jogos Vorazes Livro 2) (Portuguese Edition),www.amazon.com.br,2025-08-24T05:52:19.800Z,930500
B00A3D1GUW,2025-08-24T05:52:19.100Z,Em chamas (Jogos Vorazes Livro 2) (Portuguese Edition),www.amazon.com.br,2025-08-24T05:26:55.100Z,1524000
B00A3D1GUW,2025-08-24T05:22:24.500Z,Em chamas (Jogos Vorazes Livro 2) (Portuguese Edition),www.amazon.com.br,2025-08-24T04:25:10Z,3434500
B00A3D1GUW,2025-08-22T05:33:55.900Z,Em chamas (Jogos Vorazes Livro 2) (Portuguese Edition),www.amazon.com.br,2025-08-22T05:13:00.400Z,1255500
B00A3D1GUW,2025-08-22T05:09:58.300Z,Em chamas (Jogos Vorazes Livro 2) (Portuguese Edition),www.amazon.com.br,2025-08-22T04:04:49.300Z,3909000
B00A3D1GUW,2025-08-22T04:04:12.100Z,Em chamas (Jogos Vorazes Livro 2) (Portuguese Edition),www.amazon.com.br,2025-08-22T04:00:06.500Z,245600
B00A3D1GUW,2025-08-22T03:58:50.200Z,Em chamas (Jogos Vorazes Livro 2) (Portuguese Edition),www.amazon.com.br,2025-08-22T03:30:47.400Z,1682800
B00A3D1GUW,2025-08-22T03:30:25.400Z,Em chamas (Jogos Vorazes Livro 2) (Portuguese Edition),www.amazon.com.br,2025-08-22T03:02:48.400Z,1657000
B00A3D1GUW,2025-08-22T02:56:12.700Z,Em chamas (Jogos Vorazes Livro 2) (Portuguese Edition),www.amazon.com.br,2025-08-22T02:16:34.100Z,2378600
B00A3D1GUW,2025-08-21T04:09:42.600Z,Em chamas (Jogos Vorazes Livro 2) (Portuguese Edition),www.amazon.com.br,2025-08-21T03:28:47.300Z,2455300
B00A3D1OYU,2025-08-21T03:28:27.600Z,Jogos vorazes (Portuguese Edition),www.amazon.com.br,2025-08-21T02:50:40.200Z,2267400
B00A3D1OYU,2025-08-21T02:49:44.600Z,Jogos vorazes (Portuguese Edition),www.amazon.com.br,2025-08-21T02:18:07.500Z,1897100
B00A3D1OYU,2025-08-21T02:16:14.100Z,Jogos vorazes (Portuguese Edition),www.amazon.com.br,2025-08-21T01:43:55Z,1939100
B00A3D1OYU,2025-08-19T04:42:08.500Z,Jogos vorazes (Portuguese Edition),www.amazon.com.br,2025-08-19T03:55:06Z,2822500
B00A3D1OYU,2025-08-18T04:00:46.100Z,Jogos vorazes (Portuguese Edition),www.amazon.com.br,2025-08-18T02:46:16.300Z,4469800
B00A3D1OYU,2025-08-18T02:46:06.600Z,Jogos vorazes (Portuguese Edition),www.amazon.com.br,2025-08-18T02:13:34.100Z,1952500
B00A3D1OYU,2025-08-18T02:10:21.600Z,Jogos vorazes (Portuguese Edition),www.amazon.com.br,2025-08-18T01:55:32.200Z,889400
B00A3D1OYU,2025-08-18T01:54:44.300Z,Jogos vorazes (Portuguese Edition),www.amazon.com.br,2025-08-18T01:54:17.200Z,27100
B00A3D1OYU,2025-08-18T01:54:09.500Z,Jogos vorazes (Portuguese Edition),www.amazon.com.br,2025-08-18T01:54:05.100Z,4400
B00A3D1OYU,2025-08-18T01:53:56.900Z,Jogos vorazes (Portuguese Edition),www.amazon.com.br,2025-08-18T01:52:44.100Z,72800
B00A3D1OYU,2025-08-16T01:12:39.200Z,Jogos vorazes (Portuguese Edition),www.amazon.com.br,2025-08-16T01:12:36.600Z,2600
B00A3D1OYU,2025-08-15T05:28:01.400Z,Jogos vorazes (Portuguese Edition),www.amazon.com.br,2025-08-15T05:21:20.300Z,401100
B00A3D1OYU,2025-08-15T05:19:35.300Z,Jogos vorazes (Portuguese Edition),www.amazon.com.br,2025-08-15T05:19:20.600Z,14700
B00A3D1OYU,2025-08-15T05:19:14.500Z,Jogos vorazes (Portuguese Edition),www.amazon.com.br,2025-08-15T05:19:10.900Z,3600
B00A3D1OYU,2025-08-13T22:20:48Z,Jogos vorazes (Portuguese Edition),www.amazon.com.br,2025-08-13T22:20:46.100Z,1900
B00A3D1OYU,2025-08-13T05:12:56.500Z,Jogos vorazes (Portuguese Edition),www.amazon.com.br,2025-08-13T04:37:21.700Z,2134800
B00A3D1OYU,2025-08-13T03:33:20.500Z,Jogos vorazes (Portuguese Edition),www.amazon.com.br,2025-08-13T03:32:41.500Z,39000
B00A3D1OYU,2025-08-13T03:32:11.200Z,Jogos vorazes (Portuguese Edition),www.amazon.com.br,2025-08-13T03:32:08.900Z,2300
B00A3D1OYU,2025-08-12T04:03:23.400Z,Jogos vorazes (Portuguese Edition),www.amazon.com.br,2025-08-12T04:03:14.400Z,9000
B00A3D1OYU,2025-08-12T04:03:11.800Z,Jogos vorazes (Portuguese Edition),www.amazon.com.br,2025-08-12T02:31:59.800Z,5472000
B00A3D1OYU,2025-08-11T03:18:38.200Z,Jogos vorazes (Portuguese Edition),www.amazon.com.br,2025-08-11T02:47:51.400Z,1846800
B00A3D1OYU,2025-08-10T03:07:45.100Z,Jogos vorazes (Portuguese Edition),www.amazon.com.br,2025-08-10T03:07:42.700Z,2400
B00A3D1OYU,2025-08-09T05:58:37.900Z,Jogos vorazes (Portuguese Edition),www.amazon.com.br,2025-08-09T05:46:40.100Z,717800
B002RI9ZY0,2025-08-09T05:43:40.200Z,The Hobbit: The Classic Bestselling Fantasy Novel,www.amazon.com.br,2025-08-09T05:36:13.400Z,446800
B002RI9ZY0,2025-08-09T05:35:08.600Z,The Hobbit: The Classic Bestselling Fantasy Novel,www.amazon.com.br,2025-08-09T05:33:50.200Z,78400
B002RI9ZY0,2025-08-09T05:33:43.800Z,The Hobbit: The Classic Bestselling Fantasy Novel,www.amazon.com.br,2025-08-09T05:32:56.800Z,47000
B002RI9ZY0,2025-08-09T05:32:52.300Z,The Hobbit: The Classic Bestselling Fantasy Novel,www.amazon.com.br,2025-08-09T05:27:56.500Z,295800
B00A3D1OYU,2025-08-09T05:12:09.100Z,Jogos vorazes (Portuguese Edition),www.amazon.com.br,2025-08-09T05:12:06.700Z,2400
B00A3D1OYU,2025-08-08T20:57:11.300Z,Jogos vorazes (Portuguese Edition),www.amazon.com.br,2025-08-08T20:57:05.900Z,5400
B002RI9ZY0,2025-08-07T03:20:16.400Z,The Hobbit: The Classic Bestselling Fantasy Novel,www.amazon.com.br,2025-08-07T02:50:14.100Z,1802300
B00A3D1OYU,2025-08-07T02:58:53.300Z,Jogos vorazes (Portuguese Edition),www.amazon.com.br,2025-08-07T02:19:16Z,2377300
B00A3D1OYU,2025-08-06T02:50:16.121Z,Jogos vorazes (Portuguese Edition),www.amazon.com.br,2025-08-06T02:50:16.121Z,0
B002RI9ZY0,2025-08-06T03:03:23.300Z,The Hobbit: The Classic Bestselling Fantasy Novel,www.amazon.com.br,2025-08-06T02:27:59.800Z,2123500
B00A3D1OYU,2025-08-06T02:50:22.500Z,Jogos vorazes (Portuguese Edition),www.amazon.com.br,2025-08-06T02:21:59.100Z,1703400
B00A3D1OYU,2025-08-06T02:20:52.200Z,Jogos vorazes (Portuguese Edition),www.amazon.com.br,2025-08-06T02:03:53.900Z,1018300
B00A3D1OYU,2025-08-05T03:16:37.700Z,Jogos vorazes (Portuguese Edition),www.amazon.com.br,2025-08-05T02:54:19.400Z,1338300
B002RI9ZY0,2025-08-05T03:14:42.600Z,The Hobbit: The Classic Bestselling Fantasy Novel,www.amazon.com.br,2025-08-05T02:27:22.100Z,2840500
B002RI9ZY0,2025-08-05T02:27:18.500Z,The Hobbit: The Classic Bestselling Fantasy Novel,www.amazon.com.br,2025-08-05T02:04:39.600Z,1358900
B00A3D1OYU,2025-08-05T02:54:17.800Z,Jogos vorazes (Portuguese Edition),www.amazon.com.br,2025-08-05T02:02:11.300Z,3126500
B002RI9ZY0,2025-07-20T04:19:21.700Z,The Hobbit: The Classic Bestselling Fantasy Novel,www.amazon.com.br,2025-07-20T03:51:26.300Z,1675400
B002RI9ZY0,2025-07-20T03:39:35.300Z,The Hobbit: The Classic Bestselling Fantasy Novel,www.amazon.com.br,2025-07-20T03:38:14Z,81300
B002RI9ZY0,2025-07-20T03:18:25.700Z,The Hobbit: The Classic Bestselling Fantasy Novel,www.amazon.com.br,2025-07-20T03:17:45.400Z,40300
B002RI9ZY0,2025-07-18T04:14:55.800Z,The Hobbit: The Classic Bestselling Fantasy Novel,www.amazon.com.br,2025-07-18T03:47:10.700Z,1665100
B002RI9ZY0,2025-07-17T04:37:45.600Z,The Hobbit: The Classic Bestselling Fantasy Novel,www.amazon.com.br,2025-07-17T04:09:13.400Z,1712200
B002RI9ZY0,2025-07-17T04:09:10.900Z,The Hobbit: The Classic Bestselling Fantasy Novel,www.amazon.com.br,2025-07-17T03:50:41Z,1109900
B002RI9ZY0,2025-07-16T20:35:18.200Z,The Hobbit: The Classic Bestselling Fantasy Novel,www.amazon.com.br,2025-07-16T20:34:57Z,21200
B002RI9ZY0,2025-07-16T04:58:55.900Z,The Hobbit: The Classic Bestselling Fantasy Novel,www.amazon.com.br,2025-07-16T03:58:55.500Z,3600400
B002RI9ZY0,2025-07-16T03:58:53.600Z,The Hobbit: The Classic Bestselling Fantasy Novel,www.amazon.com.br,2025-07-16T03:47:11.900Z,701700
B002RI9ZY0,2025-07-14T04:41:25.900Z,The Hobbit: The Classic Bestselling Fantasy Novel,www.amazon.com.br,2025-07-14T04:10:51Z,1834900
B002RI9ZY0,2025-07-14T03:57:06.600Z,The Hobbit: The Classic Bestselling Fantasy Novel,www.amazon.com.br,2025-07-14T03:45:56Z,670600
B002RI9ZY0,2025-07-14T03:37:26.100Z,The Hobbit: The Classic Bestselling Fantasy Novel,www.amazon.com.br,2025-07-14T03:15:41.600Z,1304500
B002RI9ZY0,2025-07-14T03:15:32.400Z,The Hobbit: The Classic Bestselling Fantasy Novel,www.amazon.com.br,2025-07-14T03:00:24.800Z,907600
B002RI9ZY0,2025-07-14T02:51:27Z,The Hobbit: The Classic Bestselling Fantasy Novel,www.amazon.com.br,2025-07-14T02:41:30Z,597000
B002RI9ZY0,2025-07-13T17:42:00.100Z,The Hobbit: The Classic Bestselling Fantasy Novel,www.amazon.com.br,2025-07-13T17:41:58.200Z,1900
B002RI9ZY0,2025-07-13T17:40:36.600Z,The Hobbit: The Classic Bestselling Fantasy Novel,www.amazon.com.br,2025-07-13T17:39:58.300Z,38300
B002RI9ZY0,2025-07-13T06:39:30Z,The Hobbit: The Classic Bestselling Fantasy Novel,www.amazon.com.br,2025-07-13T06:08:28.800Z,1861200
B002RI9ZY0,2025-07-13T05:59:27.700Z,The Hobbit: The Classic Bestselling Fantasy Novel,www.amazon.com.br,2025-07-13T05:55:58.700Z,209000
B002RI9ZY0,2025-07-13T04:56:19.800Z,The Hobbit: The Classic Bestselling Fantasy Novel,www.amazon.com.br,2025-07-13T04:56:07.100Z,12700
B002RI9ZY0,2025-07-13T00:11:05.800Z,The Hobbit: The Classic Bestselling Fantasy Novel,www.amazon.com.br,2025-07-12T23:27:46.200Z,2599600
B002RI9ZY0,2025-07-12T23:19:09.900Z,The Hobbit: The Classic Bestselling Fantasy Novel,www.amazon.com.br,2025-07-12T23:18:37.200Z,32700
B002RI9ZY0,2025-07-12T23:16:54.300Z,The Hobbit: The Classic Bestselling Fantasy Novel,www.amazon.com.br,2025-07-12T23:16:38.300Z,16000
B002RI9ZY0,2025-07-12T19:20:05.532Z,The Hobbit: The Classic Bestselling Fantasy Novel,www.amazon.com.br,2025-07-12T19:20:05.532Z,0
B002RI9ZY0,2025-07-12T19:20:46.700Z,The Hobbit: The Classic Bestselling Fantasy Novel,www.amazon.com.br,2025-07-12T19:19:37Z,69700
B002RI9ZY0,2025-07-12T19:17:24.600Z,The Hobbit: The Classic Bestselling Fantasy Novel,www.amazon.com.br,2025-07-12T19:17:21.800Z,2800
B002RI9ZY0,2025-07-12T19:17:05.500Z,The Hobbit: The Classic Bestselling Fantasy Novel,www.amazon.com.br,2025-07-12T19:16:48.300Z,17200
B002RI9ZY0,2025-07-12T19:15:55Z,The Hobbit: The Classic Bestselling Fantasy Novel,www.amazon.com.br,2025-07-12T19:15:43.800Z,11200
B002RI9ZY0,2025-07-12T19:15:35.400Z,The Hobbit: The Classic Bestselling Fantasy Novel,www.amazon.com.br,2025-07-12T19:15:31.400Z,4000
Not Available,2025-07-12T19:15:28.600Z,Not Available,www.amazon.com.br,2025-07-12T19:15:19.200Z,9400
Not Available,2025-07-12T19:15:15.900Z,Not Available,www.amazon.com.br,2025-07-12T19:15:07.400Z,8500
B002RI9ZY0,2025-07-12T17:19:03.500Z,The Hobbit: The Classic Bestselling Fantasy Novel,www.amazon.com.br,2025-07-12T17:16:54.200Z,129300
Not Available,2025-07-12T17:16:30.287Z,Not Available,www.amazon.com.br,2025-07-12T17:16:30.287Z,0
Not Available,2025-07-12T17:16:12.034Z,Not Available,www.amazon.com.br,2025-07-12T17:16:12.034Z,0
Not Available,2025-07-12T17:16:41.700Z,Not Available,www.amazon.com.br,2025-07-12T17:16:10.900Z,30800
B002RI9ZY0,2025-07-12T17:13:03.200Z,The Hobbit: The Classic Bestselling Fantasy Novel,www.amazon.com.br,2025-07-12T17:13:00.800Z,2400
B002RI9ZY0,2025-07-12T05:03:15.500Z,The Hobbit: The Classic Bestselling Fantasy Novel,www.amazon.com.br,2025-07-12T05:02:46.300Z,29200
B00A3CQ3WY,2025-06-25T03:01:13.400Z,Antes de dormir (Portuguese Edition),www.amazon.com.br,2025-06-25T02:35:32.600Z,1540800
B00A3CQ3WY,2025-06-25T03:01:13.400Z,Antes de dormir (Portuguese Edition),www.amazon.com.br,2025-06-25T02:35:32.600Z,1540800
B07XD76H41,2025-06-23T02:43:36.600Z,The Rise and Fall of the Third Reich,www.amazon.com.br,2025-06-23T02:22:52Z,1244600
B0D8GSJB54,2025-06-13T14:58:02.800Z,Catch-22,www.amazon.com.br,2025-06-13T14:57:52.500Z,10300
B073QVF5DD,2025-05-11T00:26:20.200Z,Harry Potter and the Philosopher's Stone: Illustrated [Kindle in Motion] (Illustrated Harry Potter Book 1),www.amazon.com.br,2025-05-11T00:25:57Z,23200
B07XD76H41,2025-04-28T03:10:09Z,The Rise and Fall of the Third Reich,www.amazon.com.br,2025-04-28T03:09:44.200Z,24800
B00IADTE06,2025-04-27T06:12:46.400Z,First French Reader: A Beginner's Dual-Language Book (Dover Dual Language French) (French Edition),www.amazon.com.br,2025-04-27T06:11:38.600Z,67800
B07XD76H41,2025-04-16T03:29:16.800Z,The Rise and Fall of the Third Reich,www.amazon.com.br,2025-04-16T02:39:56Z,2960800
B07XD76H41,2025-04-16T02:33:17.900Z,The Rise and Fall of the Third Reich,www.amazon.com.br,2025-04-16T02:31:05Z,132900
B07XD76H41,2025-04-16T02:29:41.300Z,The Rise and Fall of the Third Reich,www.amazon.com.br,2025-04-16T02:16:35.700Z,785600
B07XD76H41,2025-04-15T02:50:07.600Z,The Rise and Fall of the Third Reich,www.amazon.com.br,2025-04-15T02:27:09.500Z,1378100
B07XD76H41,2025-04-15T02:20:59.700Z,The Rise and Fall of the Third Reich,www.amazon.com.br,2025-04-15T02:17:52Z,187700
B07XD76H41,2025-04-15T02:17:45.200Z,The Rise and Fall of the Third Reich,www.amazon.com.br,2025-04-15T02:13:46.300Z,238900
B01IAS9G94,2025-04-15T02:13:05.700Z,Blitzed: Drugs in the Third Reich,www.amazon.com.br,2025-04-15T02:12:30Z,35700
B019PIOJYU,2025-04-15T02:11:23.100Z,Harry Potter and the Philosopher's Stone,www.amazon.com.br,2025-04-15T01:51:25.400Z,1197700
B08234KLGS,2025-04-10T20:02:11.900Z,Alice's Adventures in Wonderland,www.amazon.com.br,2025-04-10T20:02:08.800Z,3100
B08234KLGS,2025-04-10T02:45:01.400Z,Alice's Adventures in Wonderland,www.amazon.com.br,2025-04-10T02:42:58.300Z,123100
B08CY6XRN3,2025-04-10T02:40:33.100Z,O Diário de Anne Frank (Clássicos da literatura mundial) (Portuguese Edition),www.amazon.com.br,2025-04-10T02:19:05.300Z,1287800
B08CY6XRN3,2025-04-10T02:14:45.100Z,O Diário de Anne Frank (Clássicos da literatura mundial) (Portuguese Edition),www.amazon.com.br,2025-04-10T02:14:28.800Z,16300
B08CY6XRN3,2025-04-09T04:05:58.400Z,O Diário de Anne Frank (Clássicos da literatura mundial) (Portuguese Edition),www.amazon.com.br,2025-04-09T03:50:28.800Z,929600
B0CKD1T44S,2025-04-06T14:18:44.024Z,"Baviera Tropical - Prêmio Jabuti 2024 Biografia e reportagem: A história de Josef Mengele, o médico nazista mais procurado do mundo, que viveu quase vinte ... sem nunca ser pego (Portuguese Edition)",www.amazon.com.br,2025-04-06T14:18:44.024Z,0
B0CKD1T44S,2025-04-06T14:18:44.700Z,"Baviera Tropical - Prêmio Jabuti 2024 Biografia e reportagem: A história de Josef Mengele, o médico nazista mais procurado do mundo, que viveu quase vinte ... sem nunca ser pego (Portuguese Edition)",www.amazon.com.br,2025-04-06T14:18:34.700Z,10000
B01IAS9G94,2025-04-04T22:32:56.800Z,Blitzed: Drugs in the Third Reich,www.amazon.com.br,2025-04-04T22:32:54.500Z,2300
B08CY6XRN3,2025-04-04T03:15:49.300Z,O Diário de Anne Frank (Clássicos da literatura mundial) (Portuguese Edition),www.amazon.com.br,2025-04-04T03:12:44Z,185300
B08CY6XRN3,2025-04-04T02:41:28.500Z,O Diário de Anne Frank (Clássicos da literatura mundial) (Portuguese Edition),www.amazon.com.br,2025-04-04T02:28:56.800Z,751700
B01IAS9G94,2025-04-01T03:09:14.200Z,Blitzed: Drugs in the Third Reich,www.amazon.com.br,2025-04-01T03:02:50.300Z,383900
B01IAS9G94,2025-04-01T02:39:12.900Z,Blitzed: Drugs in the Third Reich,www.amazon.com.br,2025-04-01T02:38:43.800Z,29100
B08CY6XRN3,2025-03-30T11:11:40.500Z,O Diário de Anne Frank (Clássicos da literatura mundial) (Portuguese Edition),www.amazon.com.br,2025-03-30T10:46:02.800Z,1537700
B08CY6XRN3,2025-03-30T03:34:27.900Z,O Diário de Anne Frank (Clássicos da literatura mundial) (Portuguese Edition),www.amazon.com.br,2025-03-30T03:22:43.800Z,704100
B01IAS9G94,2025-03-30T02:37:51Z,Blitzed: Drugs in the Third Reich,www.amazon.com.br,2025-03-30T02:22:07.700Z,943300
B019PIOJYU,2025-03-30T02:21:18.800Z,Harry Potter and the Philosopher's Stone,www.amazon.com.br,2025-03-30T02:17:11.500Z,247300
B019PIOJYU,2025-03-30T02:17:11.300Z,Harry Potter and the Philosopher's Stone,www.amazon.com.br,2025-03-30T02:17:04.500Z,6800
B019PIOJYU,2025-03-30T02:17:04.200Z,Harry Potter and the Philosopher's Stone,www.amazon.com.br,2025-03-30T02:16:16.200Z,48000
B019PIOJYU,2025-03-29T22:51:18.800Z,Harry Potter and the Philosopher's Stone,www.amazon.com.br,2025-03-29T22:50:37.700Z,41100
B01IAS9G94,2025-03-28T23:57:38.200Z,Blitzed: Drugs in the Third Reich,www.amazon.com.br,2025-03-28T23:57:29.500Z,8700
B01IAS9G94,2025-03-28T23:53:27.300Z,Blitzed: Drugs in the Third Reich,www.amazon.com.br,2025-03-28T23:51:18Z,129300
B01IAS9G94,2025-03-28T23:50:23.200Z,Blitzed: Drugs in the Third Reich,www.amazon.com.br,2025-03-28T23:45:47.700Z,275500
B07XD76H41,2025-03-28T23:44:41.300Z,The Rise and Fall of the Third Reich,www.amazon.com.br,2025-03-28T23:43:27.800Z,73500
B08CY6XRN3,2025-03-28T03:31:58.600Z,O Diário de Anne Frank (Clássicos da literatura mundial) (Portuguese Edition),www.amazon.com.br,2025-03-28T03:17:53.300Z,845300
B08CY6XRN3,2025-03-28T03:08:06.900Z,O Diário de Anne Frank (Clássicos da literatura mundial) (Portuguese Edition),www.amazon.com.br,2025-03-28T03:06:05.800Z,121100
B08CY6XRN3,2025-03-27T21:10:37.200Z,O Diário de Anne Frank (Clássicos da literatura mundial) (Portuguese Edition),www.amazon.com.br,2025-03-27T21:10:33.400Z,3800
B08CY6XRN3,2025-03-27T02:39:03Z,O Diário de Anne Frank (Clássicos da literatura mundial) (Portuguese Edition),www.amazon.com.br,2025-03-27T02:36:31.700Z,151300
B08CY6XRN3,2025-03-27T02:39:03.700Z,O Diário de Anne Frank (Clássicos da literatura mundial) (Portuguese Edition),www.amazon.com.br,2025-03-27T02:34:17.400Z,286300
B08CY6XRN3,2025-03-27T02:26:43.400Z,O Diário de Anne Frank (Clássicos da literatura mundial) (Portuguese Edition),www.amazon.com.br,2025-03-27T02:24:30.900Z,132500
B08CY6XRN3,2025-03-27T02:24:21Z,O Diário de Anne Frank (Clássicos da literatura mundial) (Portuguese Edition),www.amazon.com.br,2025-03-27T02:22:35Z,106000
B08CY6XRN3,2025-03-26T02:19:32.800Z,O Diário de Anne Frank (Clássicos da literatura mundial) (Portuguese Edition),www.amazon.com.br,2025-03-26T01:58:21.100Z,1271700
B08CY6XRN3,2025-03-26T01:43:56.200Z,O Diário de Anne Frank (Clássicos da literatura mundial) (Portuguese Edition),www.amazon.com.br,2025-03-26T01:25:18.800Z,1117400
B08CY6XRN3,2025-03-10T03:56:54Z,O Diário de Anne Frank (Clássicos da literatura mundial) (Portuguese Edition),www.amazon.com.br,2025-03-10T03:56:52.800Z,1200
B08CY6XRN3,2025-02-08T02:51:50.700Z,O Diário de Anne Frank (Clássicos da literatura mundial) (Portuguese Edition),www.amazon.com.br,2025-02-08T02:51:49.100Z,1600
B08CY6XRN3,2025-02-08T02:51:47.700Z,O Diário de Anne Frank (Clássicos da literatura mundial) (Portuguese Edition),www.amazon.com.br,2025-02-08T02:25:16.900Z,1590800
B08CY6XRN3,2025-02-06T03:12:57.500Z,O Diário de Anne Frank (Clássicos da literatura mundial) (Portuguese Edition),www.amazon.com.br,2025-02-06T02:35:12.600Z,2264900
B08CY6XRN3,2025-02-06T02:34:18Z,O Diário de Anne Frank (Clássicos da literatura mundial) (Portuguese Edition),www.amazon.com.br,2025-02-06T02:32:38.800Z,99200
B08CY6XRN3,2025-02-05T05:10:04.200Z,O Diário de Anne Frank (Clássicos da literatura mundial) (Portuguese Edition),www.amazon.com.br,2025-02-05T04:36:01.800Z,2042400
B08CY6XRN3,2025-02-04T05:14:06.700Z,O Diário de Anne Frank (Clássicos da literatura mundial) (Portuguese Edition),www.amazon.com.br,2025-02-04T05:03:52.600Z,614100
B08CY6XRN3,2025-02-04T05:00:12.400Z,O Diário de Anne Frank (Clássicos da literatura mundial) (Portuguese Edition),www.amazon.com.br,2025-02-04T04:45:08.800Z,903600
B08CY6XRN3,2025-02-03T04:53:24.800Z,O Diário de Anne Frank (Clássicos da literatura mundial) (Portuguese Edition),www.amazon.com.br,2025-02-03T04:53:02.800Z,22000
B08CY6XRN3,2025-01-29T05:04:02.300Z,O Diário de Anne Frank (Clássicos da literatura mundial) (Portuguese Edition),www.amazon.com.br,2025-01-29T04:38:43.600Z,1518700
B08CY6XRN3,2025-01-29T04:34:07.800Z,O Diário de Anne Frank (Clássicos da literatura mundial) (Portuguese Edition),www.amazon.com.br,2025-01-29T04:29:55.600Z,252200
B08CY6XRN3,2025-01-29T04:28:02.900Z,O Diário de Anne Frank (Clássicos da literatura mundial) (Portuguese Edition),www.amazon.com.br,2025-01-29T04:27:50.800Z,12100
B08CY6XRN3,2025-01-28T05:25:37.600Z,O Diário de Anne Frank (Clássicos da literatura mundial) (Portuguese Edition),www.amazon.com.br,2025-01-28T05:20:59.800Z,277800
B08CY6XRN3,2025-01-27T04:21:58.700Z,O Diário de Anne Frank (Clássicos da literatura mundial) (Portuguese Edition),www.amazon.com.br,2025-01-27T03:57:29.800Z,1468900
B08CY6XRN3,2025-01-25T03:54:08.200Z,O Diário de Anne Frank (Clássicos da literatura mundial) (Portuguese Edition),www.amazon.com.br,2025-01-25T03:46:40.800Z,447400
B08CY6XRN3,2025-01-24T04:23:36.700Z,O Diário de Anne Frank (Clássicos da literatura mundial) (Portuguese Edition),www.amazon.com.br,2025-01-24T04:23:25.600Z,11100
B08CY6XRN3,2025-01-24T04:23:24.200Z,O Diário de Anne Frank (Clássicos da literatura mundial) (Portuguese Edition),www.amazon.com.br,2025-01-24T04:00:09.900Z,1394300
B08CY6XRN3,2025-01-23T12:33:07.900Z,O Diário de Anne Frank (Clássicos da literatura mundial) (Portuguese Edition),www.amazon.com.br,2025-01-23T12:05:05.800Z,1682100
B08CY6XRN3,2025-01-19T19:32:19.900Z,O Diário de Anne Frank (Clássicos da literatura mundial) (Portuguese Edition),www.amazon.com.br,2025-01-19T19:22:21.800Z,598100
B019PIOJYU,2025-01-19T05:08:33.100Z,Harry Potter and the Philosopher's Stone,www.amazon.com.br,2025-01-19T05:07:49.200Z,43900
B073QVF5DD,2025-01-19T05:07:48Z,Harry Potter and the Philosopher's Stone: Illustrated [Kindle in Motion] (Illustrated Harry Potter Book 1),www.amazon.com.br,2025-01-19T05:07:42.900Z,5100
B08CY6XRN3,2025-01-19T05:18:52.600Z,O Diário de Anne Frank (Clássicos da literatura mundial) (Portuguese Edition),www.amazon.com.br,2025-01-19T04:57:22Z,1290600
B08CY6XRN3,2025-01-10T11:03:28.700Z,O Diário de Anne Frank (Clássicos da literatura mundial) (Portuguese Edition),www.amazon.com.br,2025-01-10T11:03:24.900Z,3800
B08CY6XRN3,2025-01-10T04:13:00.700Z,O Diário de Anne Frank (Clássicos da literatura mundial) (Portuguese Edition),www.amazon.com.br,2025-01-10T03:51:39.200Z,1281500
B08CY6XRN3,2025-01-08T20:01:12.400Z,O Diário de Anne Frank (Clássicos da literatura mundial) (Portuguese Edition),www.amazon.com.br,2025-01-08T20:01:11Z,1400
B08CY6XRN3,2025-01-08T02:31:47.800Z,O Diário de Anne Frank (Clássicos da literatura mundial) (Portuguese Edition),www.amazon.com.br,2025-01-08T02:05:07.100Z,1600700
B08CY6XRN3,2025-01-07T16:59:08.900Z,O Diário de Anne Frank (Clássicos da literatura mundial) (Portuguese Edition),www.amazon.com.br,2025-01-07T16:59:07.500Z,1400
B08CY6XRN3,2025-01-07T03:17:20.300Z,O Diário de Anne Frank (Clássicos da literatura mundial) (Portuguese Edition),www.amazon.com.br,2025-01-07T02:32:00.200Z,2720100
B083RY93CY,2024-12-03T02:03:41.900Z,Aprenda Inglês com 40 Contos Criativos,www.amazon.com.br,2024-12-03T01:50:54Z,767900
B07XD76H41,2024-10-22T21:42:42.144Z,The Rise and Fall of the Third Reich,www.amazon.com.br,2024-10-22T21:42:42.144Z,0
B07XD76H41,2024-10-22T21:43:10Z,The Rise and Fall of the Third Reich,www.amazon.com.br,2024-10-22T21:42:39.800Z,30200
B07XD76H41,2024-10-22T15:46:57.400Z,The Rise and Fall of the Third Reich,www.amazon.com.br,2024-10-22T15:41:39.800Z,317600
B07XD76H41,2024-10-22T03:53:56.899Z,The Rise and Fall of the Third Reich,www.amazon.com.br,2024-10-22T03:53:56.899Z,0
B07XD76H41,2024-10-22T03:54:01.400Z,The Rise and Fall of the Third Reich,www.amazon.com.br,2024-10-22T03:50:02.800Z,238600
B07XD76H41,2024-10-22T03:47:01.762Z,The Rise and Fall of the Third Reich,www.amazon.com.br,2024-10-22T03:47:01.762Z,0
B07XD76H41,2024-10-22T03:49:51.600Z,The Rise and Fall of the Third Reich,www.amazon.com.br,2024-10-22T03:37:27.800Z,743800
B07XD76H41,2024-10-22T03:34:06.408Z,The Rise and Fall of the Third Reich,www.amazon.com.br,2024-10-22T03:34:06.408Z,0
B07XD76H41,2024-10-22T03:35:44.500Z,The Rise and Fall of the Third Reich,www.amazon.com.br,2024-10-22T03:30:05.900Z,338600
B07XD76H41,2024-10-22T03:24:11.900Z,The Rise and Fall of the Third Reich,www.amazon.com.br,2024-10-22T03:23:13.100Z,58800
B07XD76H41,2024-10-22T03:21:43.500Z,The Rise and Fall of the Third Reich,www.amazon.com.br,2024-10-22T03:20:44.800Z,58700
B07XD76H41,2024-10-22T03:16:01.600Z,The Rise and Fall of the Third Reich,www.amazon.com.br,2024-10-22T03:15:53.900Z,7700
B07XD76H41,2024-10-22T03:15:32.800Z,The Rise and Fall of the Third Reich,www.amazon.com.br,2024-10-22T03:14:12.100Z,80700
B07XD76H41,2024-10-22T03:14:02.400Z,The Rise and Fall of the Third Reich,www.amazon.com.br,2024-10-22T03:13:20.700Z,41700
Not Available,2024-08-19T02:56:29Z,Not Available,www.amazon.com.br,2024-08-19T02:49:22.900Z,426100
Not Available,2024-08-19T02:41:27.100Z,Not Available,www.amazon.com.br,2024-08-19T02:21:39.500Z,1187600
Not Available,2024-08-19T02:21:34Z,Not Available,www.amazon.com.br,2024-08-19T02:21:34Z,0
Not Available,2024-08-19T02:21:34.200Z,Not Available,www.amazon.com.br,2024-08-19T02:20:28.300Z,65900
Not Available,2024-08-19T02:20:03Z,Not Available,www.amazon.com.br,2024-08-19T02:20:03Z,0
Not Available,2024-08-19T02:20:03.800Z,Not Available,www.amazon.com.br,2024-08-19T02:19:26Z,37800
B0C1TB7YDY,2024-08-18T06:06:40.700Z,Escrevendo o para sempre (Portuguese Edition),www.amazon.com.br,2024-08-18T06:06:30.100Z,10600
B0C1TB7YDY,2024-08-18T06:06:24.700Z,Escrevendo o para sempre (Portuguese Edition),www.amazon.com.br,2024-08-18T05:54:31.300Z,713400
B0C1TB7YDY,2024-08-18T05:43:52.700Z,Escrevendo o para sempre (Portuguese Edition),www.amazon.com.br,2024-08-18T04:10:34.500Z,5598200
B0C1TB7YDY,2024-08-18T04:08:14.400Z,Escrevendo o para sempre (Portuguese Edition),www.amazon.com.br,2024-08-18T04:08:04.800Z,9600
B0C1TB7YDY,2024-08-18T02:47:55.300Z,Escrevendo o para sempre (Portuguese Edition),www.amazon.com.br,2024-08-18T02:20:59.800Z,1615500
B0C1TB7YDY,2024-08-17T13:16:07.800Z,Escrevendo o para sempre (Portuguese Edition),www.amazon.com.br,2024-08-17T12:58:55.900Z,1031900
B0C1TB7YDY,2024-08-15T03:57:56.300Z,Escrevendo o para sempre (Portuguese Edition),www.amazon.com.br,2024-08-15T03:56:32.800Z,83500
B0C1TB7YDY,2024-08-15T03:54:53.700Z,Escrevendo o para sempre (Portuguese Edition),www.amazon.com.br,2024-08-15T03:28:27.900Z,1585800
B0C1TB7YDY,2024-08-14T04:18:31.900Z,Escrevendo o para sempre (Portuguese Edition),www.amazon.com.br,2024-08-14T04:18:29Z,2900
B0C1TB7YDY,2024-08-14T03:41:42.400Z,Escrevendo o para sempre (Portuguese Edition),www.amazon.com.br,2024-08-14T03:18:07.100Z,1415300
B0C1TB7YDY,2024-08-14T03:17:53.500Z,Escrevendo o para sempre (Portuguese Edition),www.amazon.com.br,2024-08-14T03:17:48.300Z,5200
B0C1TB7YDY,2024-08-14T03:14:59.700Z,Escrevendo o para sempre (Portuguese Edition),www.amazon.com.br,2024-08-14T02:28:28.900Z,2790800
B0C1TB7YDY,2024-08-13T14:28:37.500Z,Escrevendo o para sempre (Portuguese Edition),www.amazon.com.br,2024-08-13T13:54:45.600Z,2031900
B0C1TB7YDY,2024-08-13T13:48:50.700Z,Escrevendo o para sempre (Portuguese Edition),www.amazon.com.br,2024-08-13T13:41:41.900Z,428800
B0C1TB7YDY,2024-08-13T13:38:26.400Z,Escrevendo o para sempre (Portuguese Edition),www.amazon.com.br,2024-08-13T13:09:35.800Z,1730600
B0C1TB7YDY,2024-08-13T05:39:02.300Z,Escrevendo o para sempre (Portuguese Edition),www.amazon.com.br,2024-08-13T05:03:49.100Z,2113200
B0C1TB7YDY,2024-08-13T04:22:37.200Z,Escrevendo o para sempre (Portuguese Edition),www.amazon.com.br,2024-08-13T04:22:10.600Z,26600
B0C1TB7YDY,2024-08-13T04:21:57.500Z,Escrevendo o para sempre (Portuguese Edition),www.amazon.com.br,2024-08-13T04:21:54.200Z,3300
B0C1TB7YDY,2024-08-13T04:20:08.400Z,Escrevendo o para sempre (Portuguese Edition),www.amazon.com.br,2024-08-13T04:19:43.500Z,24900
B0C1TB7YDY,2024-08-13T04:16:36.100Z,Escrevendo o para sempre (Portuguese Edition),www.amazon.com.br,2024-08-13T03:02:30.800Z,4445300
B0C1TB7YDY,2024-08-13T03:00:10.500Z,Escrevendo o para sempre (Portuguese Edition),www.amazon.com.br,2024-08-13T02:27:48.800Z,1941700
B0C1TB7YDY,2024-08-13T01:51:26.400Z,Escrevendo o para sempre (Portuguese Edition),www.amazon.com.br,2024-08-13T01:46:14.700Z,311700
B0C1TB7YDY,2024-08-13T01:43:04.400Z,Escrevendo o para sempre (Portuguese Edition),www.amazon.com.br,2024-08-13T01:37:50.400Z,314000
B0C1TB7YDY,2024-08-13T01:29:05.600Z,Escrevendo o para sempre (Portuguese Edition),www.amazon.com.br,2024-08-13T01:05:36.900Z,1408700
B0C1TB7YDY,2024-08-12T16:18:10.300Z,Escrevendo o para sempre (Portuguese Edition),www.amazon.com.br,2024-08-12T16:17:29.900Z,40400
B0C1TB7YDY,2024-08-12T13:36:15.300Z,Escrevendo o para sempre (Portuguese Edition),www.amazon.com.br,2024-08-12T13:07:10.400Z,1744900
B019PIOJYU,2024-08-06T04:07:28.700Z,Harry Potter and the Philosopher's Stone,www.amazon.com.br,2024-08-06T03:41:11.900Z,1576800
B019PIOJYU,2024-08-06T00:07:06.700Z,Harry Potter and the Philosopher's Stone,www.amazon.com.br,2024-08-05T23:26:59.900Z,2406800
B019PIOJYU,2024-08-05T17:32:29.900Z,Harry Potter and the Philosopher's Stone,www.amazon.com.br,2024-08-05T17:11:22.800Z,1267100
B073QVF5DD,2024-08-02T00:11:09.800Z,Harry Potter and the Philosopher's Stone: Illustrated [Kindle in Motion] (Illustrated Harry Potter Book 1),www.amazon.com.br,2024-08-02T00:08:57.200Z,132600
B019PIOJYU,2024-08-02T00:08:41.900Z,Harry Potter and the Philosopher's Stone,www.amazon.com.br,2024-08-02T00:08:38.600Z,3300
B019PIOJYU,2024-08-02T00:08:35.700Z,Harry Potter and the Philosopher's Stone,www.amazon.com.br,2024-08-02T00:08:28.400Z,7300
B019PIOJYU,2024-08-02T00:08:26.600Z,Harry Potter and the Philosopher's Stone,www.amazon.com.br,2024-08-02T00:08:17.900Z,8700
B019PIOJYU,2024-08-01T19:53:13.500Z,Harry Potter and the Philosopher's Stone,www.amazon.com.br,2024-08-01T19:33:02.800Z,1210700
B019PIOJYU,2024-08-01T04:19:01.800Z,Harry Potter and the Philosopher's Stone,www.amazon.com.br,2024-08-01T03:46:19.800Z,1962000
B019PIOJYU,2024-07-31T04:28:48.900Z,Harry Potter and the Philosopher's Stone,www.amazon.com.br,2024-07-31T03:54:39.900Z,2049000
B019PIOJYU,2024-07-30T19:47:45Z,Harry Potter and the Philosopher's Stone,www.amazon.com.br,2024-07-30T19:47:22.100Z,22900
B019PIOJYU,2024-07-30T19:46:08Z,Harry Potter and the Philosopher's Stone,www.amazon.com.br,2024-07-30T19:44:30.800Z,97200
B019PIOJYU,2024-07-30T14:53:03Z,Harry Potter and the Philosopher's Stone,www.amazon.com.br,2024-07-30T14:51:19.200Z,103800
B019PIOJYU,2024-07-29T20:22:14.700Z,Harry Potter and the Philosopher's Stone,www.amazon.com.br,2024-07-29T20:21:59.100Z,15600
B07XD76H41,2024-07-29T20:21:47.900Z,The Rise and Fall of the Third Reich,www.amazon.com.br,2024-07-29T20:21:33.900Z,14000
B07XD76H41,2024-07-29T20:17:20Z,The Rise and Fall of the Third Reich,www.amazon.com.br,2024-07-29T20:17:15.400Z,4600
B019PIOJYU,2024-07-29T20:17:11.400Z,Harry Potter and the Philosopher's Stone,www.amazon.com.br,2024-07-29T20:16:57Z,14400
B07XD76H41,2024-07-22T00:03:29.300Z,The Rise and Fall of the Third Reich,www.amazon.com.br,2024-07-22T00:02:27.500Z,61800
B07XD76H41,2024-07-21T05:03:16.800Z,The Rise and Fall of the Third Reich,www.amazon.com.br,2024-07-21T05:02:57.100Z,19700
B07XD76H41,2024-07-21T04:30:50.800Z,The Rise and Fall of the Third Reich,www.amazon.com.br,2024-07-21T04:30:48.400Z,2400
B07XD76H41,2024-07-21T04:28:58.500Z,The Rise and Fall of the Third Reich,www.amazon.com.br,2024-07-21T04:28:31.400Z,27100
B07XD76H41,2024-07-21T04:24:06.800Z,The Rise and Fall of the Third Reich,www.amazon.com.br,2024-07-21T04:24:04Z,2800
B07XD76H41,2024-07-21T04:22:51.200Z,The Rise and Fall of the Third Reich,www.amazon.com.br,2024-07-21T04:22:32.400Z,18800
Not Available,2024-06-22T03:08:07Z,Not Available,www.amazon.com.br,2024-06-22T03:08:07Z,0
Not Available,2024-06-22T03:08:07.100Z,Not Available,www.amazon.com.br,2024-06-22T03:00:06.400Z,480700
Not Available,2024-06-22T02:59:53.500Z,Not Available,www.amazon.com.br,2024-06-22T02:59:47.500Z,6000
Not Available,2024-06-22T02:59:30Z,Not Available,www.amazon.com.br,2024-06-22T02:47:48.900Z,701100
Not Available,2024-06-21T01:13:06Z,Not Available,www.amazon.com.br,2024-06-21T01:13:06Z,0
Not Available,2024-06-21T01:13:06.200Z,Not Available,www.amazon.com.br,2024-06-21T00:35:21.900Z,2264300
Not Available,2024-06-20T02:44:35Z,Not Available,www.amazon.com.br,2024-06-20T02:44:35Z,0
Not Available,2024-06-20T02:44:34.800Z,Not Available,www.amazon.com.br,2024-06-20T02:11:28.700Z,1986100
Not Available,2024-06-20T02:11:21Z,Not Available,www.amazon.com.br,2024-06-20T02:11:21Z,0
Not Available,2024-06-20T02:11:21.600Z,Not Available,www.amazon.com.br,2024-06-20T02:11:06.700Z,14900
Not Available,2024-06-19T02:43:00.900Z,Not Available,www.amazon.com.br,2024-06-19T02:39:15.100Z,225800
Not Available,2024-06-19T02:39:04.200Z,Not Available,www.amazon.com.br,2024-06-19T02:34:12.700Z,291500
B003HV0TN2,2024-06-19T02:22:49Z,The Name of the Wind: The legendary must-read fantasy masterpiece (Kingkiller Chonicles Book 1),www.amazon.com.br,2024-06-19T02:22:33Z,16000
B08DK93TC2,2024-06-05T02:26:44.800Z,A vida não é útil (Portuguese Edition),www.amazon.com.br,2024-06-05T02:15:29.700Z,675100
B08DK93TC2,2024-06-02T00:08:09.500Z,A vida não é útil (Portuguese Edition),www.amazon.com.br,2024-06-02T00:08:07.100Z,2400
B08DK93TC2,2024-06-02T00:00:46.200Z,A vida não é útil (Portuguese Edition),www.amazon.com.br,2024-06-01T23:59:46.600Z,59600
B08DK93TC2,2024-06-01T23:58:47Z,A vida não é útil (Portuguese Edition),www.amazon.com.br,2024-06-01T23:53:40.200Z,306800
B08DK93TC2,2024-06-01T23:50:51.600Z,A vida não é útil (Portuguese Edition),www.amazon.com.br,2024-06-01T23:35:26.300Z,925300
B08DK93TC2,2024-06-01T23:34:35.100Z,A vida não é útil (Portuguese Edition),www.amazon.com.br,2024-06-01T23:34:33.400Z,1700
B08DK93TC2,2024-06-01T23:34:29.100Z,A vida não é útil (Portuguese Edition),www.amazon.com.br,2024-06-01T23:29:21.300Z,307800
B08DK93TC2,2024-06-01T21:38:19.300Z,A vida não é útil (Portuguese Edition),www.amazon.com.br,2024-06-01T21:37:59.900Z,19400
B08DK93TC2,2024-06-01T21:37:47.500Z,A vida não é útil (Portuguese Edition),www.amazon.com.br,2024-06-01T21:37:42.800Z,4700
B002LVUMLS,2024-05-27T05:23:36.200Z,Dexter by Design,www.amazon.com.br,2024-05-27T05:23:13.500Z,22700
B002LVUMLS,2024-05-27T05:23:06.646Z,Dexter by Design,www.amazon.com.br,2024-05-27T05:23:06.646Z,0
B002LVUMLS,2024-05-27T05:23:11.500Z,Dexter by Design,www.amazon.com.br,2024-05-27T05:22:51.700Z,19800
B002LVUMLS,2024-05-25T04:43:01.200Z,Dexter by Design,www.amazon.com.br,2024-05-25T04:42:56.500Z,4700
B002LVUMLS,2024-05-25T04:38:42.200Z,Dexter by Design,www.amazon.com.br,2024-05-25T04:35:09.600Z,212600
B000FCK9MW,2024-05-25T04:35:02.400Z,Dearly Devoted Dexter,www.amazon.com.br,2024-05-25T04:34:19.900Z,42500
B000FCK9MW,2024-05-25T04:32:02.800Z,Dearly Devoted Dexter,www.amazon.com.br,2024-05-25T04:31:04.500Z,58300
B000FCK9MW,2024-05-25T04:29:24.500Z,Dearly Devoted Dexter,www.amazon.com.br,2024-05-25T04:28:40.100Z,44400
B0CD19BMG5,2024-05-25T04:28:34.200Z,The Official Stardew Valley Cookbook,www.amazon.com.br,2024-05-25T04:28:32.900Z,1300
B0CD19BMG5,2024-05-22T01:14:27Z,The Official Stardew Valley Cookbook,www.amazon.com.br,2024-05-22T01:13:56.300Z,30700
B0CD19BMG5,2024-05-22T01:13:55.100Z,The Official Stardew Valley Cookbook,www.amazon.com.br,2024-05-22T01:13:53.300Z,1800
B0CD19BMG5,2024-05-22T01:13:38Z,The Official Stardew Valley Cookbook,www.amazon.com.br,2024-05-22T01:12:12.700Z,85300
B0CD19BMG5,2024-05-22T01:11:20.900Z,The Official Stardew Valley Cookbook,www.amazon.com.br,2024-05-22T01:11:12.400Z,8500
B0CD19BMG5,2024-05-22T01:10:51.400Z,The Official Stardew Valley Cookbook,www.amazon.com.br,2024-05-22T01:10:49.300Z,2100
B0CD19BMG5,2024-05-22T01:09:06.700Z,The Official Stardew Valley Cookbook,www.amazon.com.br,2024-05-22T01:06:24.400Z,162300
B0CD19BMG5,2024-05-22T01:04:02.556Z,The Official Stardew Valley Cookbook,www.amazon.com.br,2024-05-22T01:04:02.556Z,0
B000FCK9MW,2024-05-07T04:33:33Z,Dearly Devoted Dexter,www.amazon.com.br,2024-05-07T04:31:42.500Z,110500
B000FCK9MW,2024-05-07T04:27:52.900Z,Dearly Devoted Dexter,www.amazon.com.br,2024-05-07T04:26:58.700Z,54200
B000FCK9MW,2024-05-07T04:26:25.500Z,Dearly Devoted Dexter,www.amazon.com.br,2024-05-07T04:26:06.700Z,18800
B000FCK8ZK,2024-05-07T03:50:10.400Z,Darkly Dreaming Dexter,www.amazon.com.br,2024-05-07T03:50:04Z,6400
B0BK2ZPLNM,2024-01-22T04:01:54.995Z,The Soviet Century: Archaeology of a Lost World,www.amazon.com.br,2024-01-22T04:01:54.995Z,0
B0BK2ZPLNM,2024-01-22T04:01:54.100Z,The Soviet Century: Archaeology of a Lost World,www.amazon.com.br,2024-01-22T03:55:10.400Z,403700
B0BK2ZPLNM,2024-01-22T03:49:06.500Z,The Soviet Century: Archaeology of a Lost World,www.amazon.com.br,2024-01-22T03:46:05.200Z,181300
B0BK2ZPLNM,2024-01-22T02:04:30.600Z,The Soviet Century: Archaeology of a Lost World,www.amazon.com.br,2024-01-22T02:03:12.200Z,78400
Not Available,2023-09-15T05:39:40.602Z,Not Available,www.amazon.com.br,2023-09-15T05:39:40.602Z,0
B0CDHM2KRM,2023-08-12T13:15:34Z,Meditations: A New Translation,www.amazon.com.br,2023-08-12T13:15:32.200Z,1800
B0CDHM2KRM,2023-08-12T13:01:25.900Z,Meditations: A New Translation,www.amazon.com.br,2023-08-12T12:59:57.300Z,88600
B0CDHM2KRM,2023-08-11T01:31:15.527Z,Meditations: A New Translation,www.amazon.com.br,2023-08-11T01:31:15.527Z,0
B0CDHM2KRM,2023-08-11T01:24:54.486Z,Meditations: A New Translation,www.amazon.com.br,2023-08-11T01:24:54.486Z,0
B0CDHM2KRM,2023-08-11T01:31:17.400Z,Meditations: A New Translation,www.amazon.com.br,2023-08-11T01:24:40.700Z,396700
B0015DROBO,2023-08-11T01:24:34.317Z,The Girl with the Dragon Tattoo: A Lisbeth Salander Novel (The Girl with the Dragon Tattoo (Lisbeth Salander / Millennium) Book 1),www.amazon.com.br,2023-08-11T01:24:34.317Z,0
B0015DROBO,2023-08-11T01:24:34.800Z,The Girl with the Dragon Tattoo: A Lisbeth Salander Novel (The Girl with the Dragon Tattoo (Lisbeth Salander / Millennium) Book 1),www.amazon.com.br,2023-08-11T01:21:16.800Z,198000
B0015DROBO,2023-08-11T01:20:53.900Z,The Girl with the Dragon Tattoo: A Lisbeth Salander Novel (The Girl with the Dragon Tattoo (Lisbeth Salander / Millennium) Book 1),www.amazon.com.br,2023-08-11T01:19:56.400Z,57500
B0015DROBO,2023-08-11T01:11:03.200Z,The Girl with the Dragon Tattoo: A Lisbeth Salander Novel (The Girl with the Dragon Tattoo (Lisbeth Salander / Millennium) Book 1),www.amazon.com.br,2023-08-11T01:10:57.900Z,5300
B0015DROBO,2023-08-11T01:06:59.600Z,The Girl with the Dragon Tattoo: A Lisbeth Salander Novel (The Girl with the Dragon Tattoo (Lisbeth Salander / Millennium) Book 1),www.amazon.com.br,2023-08-11T01:05:37.500Z,82100
B0015DROBO,2023-08-11T01:05:08.540Z,The Girl with the Dragon Tattoo: A Lisbeth Salander Novel (The Girl with the Dragon Tattoo (Lisbeth Salander / Millennium) Book 1),www.amazon.com.br,2023-08-11T01:05:08.540Z,0
B0015DROBO,2023-08-11T01:05:35.700Z,The Girl with the Dragon Tattoo: A Lisbeth Salander Novel (The Girl with the Dragon Tattoo (Lisbeth Salander / Millennium) Book 1),www.amazon.com.br,2023-08-11T01:05:07.300Z,28400
B003HV0TN2,2023-07-27T16:20:07.200Z,The Name of the Wind: The legendary must-read fantasy masterpiece (Kingkiller Chonicles Book 1),www.amazon.com.br,2023-07-27T16:20:04.400Z,2800
B003HV0TN2,2023-07-27T16:19:44.600Z,The Name of the Wind: The legendary must-read fantasy masterpiece (Kingkiller Chonicles Book 1),www.amazon.com.br,2023-07-27T16:18:40.800Z,63800
B003HV0TN2,2023-07-27T16:17:24.800Z,The Name of the Wind: The legendary must-read fantasy masterpiece (Kingkiller Chonicles Book 1),www.amazon.com.br,2023-07-27T16:17:17.700Z,7100
B003HV0TN2,2023-07-27T16:15:54.100Z,The Name of the Wind: The legendary must-read fantasy masterpiece (Kingkiller Chonicles Book 1),www.amazon.com.br,2023-07-27T16:14:53.700Z,60400
B01LXHG8HX,2023-07-13T03:20:31.700Z,Orientação a Objetos: Aprenda seus conceitos e suas aplicabilidades de forma efetiva (Portuguese Edition),www.amazon.com.br,2023-07-13T03:19:44.200Z,47500
B002RI9VFI,2023-04-08T18:02:12Z,Short Stories in French: New Penguin Parallel Texts,www.amazon.com.br,2023-04-08T18:02:10.200Z,1800
B002RI9VFI,2023-04-08T18:01:02.700Z,Short Stories in French: New Penguin Parallel Texts,www.amazon.com.br,2023-04-08T18:00:36.300Z,26400
Not Available,2023-03-15T03:44:52.700Z,Not Available,www.amazon.com.br,2023-03-15T03:44:31.200Z,21500
B0B3S2PT6C,2022-12-25T00:08:18Z,O fim da Lava-Jato (Portuguese Edition),www.amazon.com.br,2022-12-24T23:42:41.500Z,1536500
B0B3S2PT6C,2022-12-24T23:40:43.600Z,O fim da Lava-Jato (Portuguese Edition),www.amazon.com.br,2022-12-24T23:37:12.200Z,211400
B0B3S2PT6C,2022-12-24T03:19:03.400Z,O fim da Lava-Jato (Portuguese Edition),www.amazon.com.br,2022-12-24T03:11:16.800Z,466600
B0B3S2PT6C,2022-12-24T03:02:26.200Z,O fim da Lava-Jato (Portuguese Edition),www.amazon.com.br,2022-12-24T03:02:01.600Z,24600
B0B3S2PT6C,2022-12-24T03:01:09.300Z,O fim da Lava-Jato (Portuguese Edition),www.amazon.com.br,2022-12-24T03:00:24.500Z,44800
B0B3S2PT6C,2022-12-23T15:08:56.300Z,O fim da Lava-Jato (Portuguese Edition),www.amazon.com.br,2022-12-23T15:08:17.300Z,39000
B0B3S2PT6C,2022-12-23T15:07:09.400Z,O fim da Lava-Jato (Portuguese Edition),www.amazon.com.br,2022-12-23T15:07:06.200Z,3200
B07XQH3GD5,2022-12-16T17:01:30.100Z,"Sal, gordura, ácido, calor: Os elementos da boa cozinha (Portuguese Edition)",www.amazon.com.br,2022-12-16T17:00:35.400Z,54700
B09QM4ZLLM,2022-11-24T03:31:55.100Z,The Ink Black Heart (A Cormoran Strike Novel Book 6),www.amazon.com.br,2022-11-24T03:27:48.400Z,246700
B08YQXYW2V,2022-11-16T04:49:57.100Z,The Road to Reality: A Complete Guide to the Laws of the Universe,www.amazon.com.br,2022-11-16T04:42:06.200Z,470900
B08YQXYW2V,2022-11-11T05:21:34.393Z,The Road to Reality: A Complete Guide to the Laws of the Universe,www.amazon.com.br,2022-11-11T05:21:34.393Z,0
B08YQXYW2V,2022-11-11T05:18:37.561Z,The Road to Reality: A Complete Guide to the Laws of the Universe,www.amazon.com.br,2022-11-11T05:18:37.561Z,0
B08YQXYW2V,2022-11-11T05:17:18.516Z,The Road to Reality: A Complete Guide to the Laws of the Universe,www.amazon.com.br,2022-11-11T05:17:18.516Z,0
B0917YZDNF,2022-11-10T06:01:56Z,A Project to Find the Fundamental Theory of Physics,www.amazon.com.br,2022-11-10T05:58:36.200Z,199800
B0041G68LO,2022-11-10T05:56:49.900Z,Life Ascending: The Ten Great Inventions of Evolution,www.amazon.com.br,2022-11-10T05:56:47.800Z,2100
B0041G68LO,2022-11-10T05:44:15.200Z,Life Ascending: The Ten Great Inventions of Evolution,www.amazon.com.br,2022-11-10T05:36:28.600Z,466600
B0041G68LO,2022-11-10T05:36:26.100Z,Life Ascending: The Ten Great Inventions of Evolution,www.amazon.com.br,2022-11-10T05:36:15.400Z,10700
B0041G68LO,2022-11-10T05:36:04.100Z,Life Ascending: The Ten Great Inventions of Evolution,www.amazon.com.br,2022-11-10T05:35:55.100Z,9000
B0041G68LO,2022-11-09T04:22:42.076Z,Life Ascending: The Ten Great Inventions of Evolution,www.amazon.com.br,2022-11-09T04:22:42.076Z,0
B0041G68LO,2022-11-09T04:22:42.800Z,Life Ascending: The Ten Great Inventions of Evolution,www.amazon.com.br,2022-11-09T04:13:15.100Z,567700
B0041G68LO,2022-11-09T03:57:51.200Z,Life Ascending: The Ten Great Inventions of Evolution,www.amazon.com.br,2022-11-09T03:54:35.200Z,196000
B0B3S2PT6C,2022-11-09T03:54:30.500Z,O fim da Lava-Jato (Portuguese Edition),www.amazon.com.br,2022-11-09T03:54:27.300Z,3200
B0B3S2PT6C,2022-11-09T03:54:21.500Z,O fim da Lava-Jato (Portuguese Edition),www.amazon.com.br,2022-11-09T03:42:28.200Z,713300
B0B3S2PT6C,2022-11-08T04:34:18.300Z,O fim da Lava-Jato (Portuguese Edition),www.amazon.com.br,2022-11-08T04:05:52.600Z,1705700
B0B3S2PT6C,2022-11-08T04:01:27Z,O fim da Lava-Jato (Portuguese Edition),www.amazon.com.br,2022-11-08T04:00:36.900Z,50100
B0B3S2PT6C,2022-11-07T05:51:39.300Z,O fim da Lava-Jato (Portuguese Edition),www.amazon.com.br,2022-11-07T04:57:20.400Z,3258900
B0B3S2PT6C,2022-11-06T18:21:19.100Z,O fim da Lava-Jato (Portuguese Edition),www.amazon.com.br,2022-11-06T18:21:17.300Z,1800
B0B3S2PT6C,2022-11-06T18:20:23.200Z,O fim da Lava-Jato (Portuguese Edition),www.amazon.com.br,2022-11-06T17:23:51.200Z,3392000
Not Available,2022-09-16T06:19:38Z,Not Available,www.amazon.com.br,2022-09-16T06:19:38Z,0
Not Available,2022-09-09T03:48:45.549Z,Not Available,www.amazon.com.br,2022-09-09T03:48:45.549Z,0
B002Q7H7JC,2022-08-28T15:22:13.800Z,John Dies at the End,www.amazon.com.br,2022-08-28T15:22:03Z,10800
B00ITZ9XR4,2022-07-04T15:20:09.700Z,Admirável mundo novo (Portuguese Edition),www.amazon.com.br,2022-07-04T15:18:25.800Z,103900
B00ITZ9XR4,2022-07-04T15:18:25.600Z,Admirável mundo novo (Portuguese Edition),www.amazon.com.br,2022-07-04T15:18:16.800Z,8800
B00ITZ9XR4,2022-07-04T15:18:16.600Z,Admirável mundo novo (Portuguese Edition),www.amazon.com.br,2022-07-04T15:17:18.900Z,57700
Not Available,2022-04-30T17:24:04Z,Not Available,www.amazon.com.br,2022-04-30T17:24:04Z,0
Not Available,2022-04-30T03:52:28Z,Not Available,www.amazon.com.br,2022-04-30T03:52:28Z,0
Not Available,2022-04-30T03:14:48Z,Not Available,www.amazon.com.br,2022-04-30T03:14:48Z,0
Not Available,2022-04-30T03:07:09Z,Not Available,www.amazon.com.br,2022-04-30T03:07:09Z,0
B01LQM96G4,2022-04-30T03:05:10Z,Harry Potter e a Pedra Filosofal (Portuguese Edition),www.amazon.com.br,2022-04-30T03:05:10Z,0
B01LQM96G4,2022-04-30T03:04:57Z,Harry Potter e a Pedra Filosofal (Portuguese Edition),www.amazon.com.br,2022-04-30T03:04:57Z,0
B00ITZ9XR4,2022-04-08T01:00:47Z,Admirável mundo novo (Portuguese Edition),www.amazon.com.br,2022-04-08T01:00:47Z,0
B09JBQZM86,2022-04-08T00:52:09Z,Not Available,www.amazon.com.br,2022-04-08T00:52:09Z,0
B09JBQZM86,2022-04-08T00:50:41Z,Not Available,www.amazon.com.br,2022-04-08T00:50:41Z,0
B015EE5D6M,2022-04-08T00:46:29Z,Laranja mecânica (Portuguese Edition),www.amazon.com.br,2022-04-08T00:46:29Z,0
B01980OHQ0,2022-03-09T01:34:31Z,Buddha: The Life of Siddhartha Gautama: A Biography Based on Traditional Sources,www.amazon.com.br,2022-03-09T01:34:31Z,0
B00XUYQUZ2,2022-01-23T16:55:39Z,Ficciones,www.amazon.com.br,2022-01-23T16:55:39Z,0
Not Available,2021-11-08T04:38:45Z,Not Available,www.amazon.com.br,2021-11-08T04:38:45Z,0
B083RY93CY,2021-11-04T02:51:53Z,Aprenda Inglês com 40 Contos Criativos,www.amazon.com.br,2021-11-04T02:51:53Z,0
Not Available,2020-03-23T01:51:19.800Z,Not Available,www.amazon.com.br,2020-03-23T01:50:10.800Z,69000
Not Available,2020-03-23T01:50:02.900Z,Not Available,www.amazon.com.br,2020-03-23T01:49:32.400Z,30500
B00HYNHWAM,2020-01-04T02:18:06Z,Not Available,www.amazon.com.br,2020-01-04T02:08:52.900Z,553100
B00HYNHWAM,2020-01-04T02:05:54.500Z,Not Available,www.amazon.com.br,2020-01-04T02:01:51.700Z,242800
B00HYNHWAM,2019-12-30T18:56:17.400Z,Not Available,www.amazon.com.br,2019-12-30T18:56:13.600Z,3800
B00HYNHWAM,2019-12-30T18:54:40.600Z,Not Available,www.amazon.com.br,2019-12-30T18:54:07.200Z,33400
B01B8K3DH2,2019-12-30T18:53:53.700Z,Silêncio (Portuguese Edition),www.amazon.com.br,2019-12-30T18:53:02.800Z,50900
B00C0ALZ0W,2019-05-26T21:55:52Z,Remote: Office Not Required,www.amazon.com.br,2019-05-26T21:38:59.800Z,1012200
B00C0ALZ0W,2019-05-26T18:48:33.400Z,Remote: Office Not Required,www.amazon.com.br,2019-05-26T18:43:52.300Z,281100
B00C0ALZ0W,2019-05-25T16:59:30Z,Remote: Office Not Required,www.amazon.com.br,2019-05-25T16:56:30.800Z,179200
B00C0ALZ0W,2019-05-25T04:16:06.100Z,Remote: Office Not Required,www.amazon.com.br,2019-05-25T04:02:02.800Z,843300
B00C0ALZ0W,2019-05-25T04:02:00Z,Remote: Office Not Required,www.amazon.com.br,2019-05-25T04:02:00Z,0
B00C0ALZ0W,2019-05-25T04:02:00.700Z,Remote: Office Not Required,www.amazon.com.br,2019-05-25T04:01:18.500Z,42200
B00C0ALZ0W,2019-05-25T04:00:09.200Z,Remote: Office Not Required,www.amazon.com.br,2019-05-25T03:59:59.800Z,9400
B00C0ALZ0W,2019-05-25T03:48:34.900Z,Remote: Office Not Required,www.amazon.com.br,2019-05-25T03:40:45.300Z,469600
B00C0ALZ0W,2019-05-25T03:39:58.100Z,Remote: Office Not Required,www.amazon.com.br,2019-05-25T03:38:37.900Z,80200
B00C0ALZ0W,2019-05-25T03:18:27Z,Remote: Office Not Required,www.amazon.com.br,2019-05-25T03:16:54.900Z,92100
B01B8K3DH2,2019-03-28T16:20:58.900Z,Silêncio (Portuguese Edition),www.amazon.com.br,2019-03-28T16:20:17.600Z,41300
Not Available,2019-02-20T13:02:14.600Z,Not Available,www.amazon.com.br,2019-02-20T13:00:23.600Z,111000
B00HYNHWAM,2018-10-26T23:19:41.100Z,Not Available,www.amazon.com.br,2018-10-26T23:19:26.200Z,14900
B00HYNHWAM,2018-10-26T22:48:32.200Z,Not Available,www.amazon.com.br,2018-10-26T22:38:26Z,606200
B00HYNHWAM,2018-10-26T22:23:13.200Z,Not Available,www.amazon.com.br,2018-10-26T22:23:10Z,3200
B00HYNHWAM,2018-10-26T22:22:44.600Z,Not Available,www.amazon.com.br,2018-10-26T22:13:39.900Z,544700
B00HYNHWAM,2018-10-26T22:10:11.500Z,Not Available,www.amazon.com.br,2018-10-26T22:09:53.500Z,18000
B00HYNHWAM,2018-10-26T20:37:30.500Z,Not Available,www.amazon.com.br,2018-10-26T20:31:16.700Z,373800
B00HYNHWAM,2018-10-26T20:30:41.200Z,Not Available,www.amazon.com.br,2018-10-26T20:26:41.900Z,239300
B00HYNHWAM,2018-10-26T03:03:08.400Z,Not Available,www.amazon.com.br,2018-10-26T02:40:59Z,1329400
B00HYNHWAM,2018-10-25T17:35:13.900Z,Not Available,www.amazon.com.br,2018-10-25T17:33:46Z,87900
B00HYNHWAM,2018-10-25T17:33:38.800Z,Not Available,www.amazon.com.br,2018-10-25T17:33:29.400Z,9400
B01B8K3DH2,2018-08-25T23:00:25.600Z,Silêncio (Portuguese Edition),www.amazon.com.br,2018-08-25T22:52:32.500Z,473100
B01B8K3DH2,2018-08-21T02:07:29.300Z,Silêncio (Portuguese Edition),www.amazon.com.br,2018-08-21T02:07:21.100Z,8200
B01B8K3DH2,2018-08-10T02:57:32.100Z,Silêncio (Portuguese Edition),www.amazon.com.br,2018-08-10T02:56:44.400Z,47700
B01B8K3DH2,2018-08-08T00:33:02.600Z,Silêncio (Portuguese Edition),www.amazon.com.br,2018-08-08T00:32:18.500Z,44100
B01B8K3DH2,2018-08-06T00:37:44.200Z,Silêncio (Portuguese Edition),www.amazon.com.br,2018-08-06T00:18:36.200Z,1148000
B01B8K3DH2,2018-08-03T23:38:48.700Z,Silêncio (Portuguese Edition),www.amazon.com.br,2018-08-03T23:25:27.800Z,800900
B01B8K3DH2,2018-08-03T21:24:46.200Z,Silêncio (Portuguese Edition),www.amazon.com.br,2018-08-03T21:24:24.800Z,21400
Not Available,2018-07-20T23:12:32.500Z,Not Available,www.amazon.com.br,2018-07-20T23:12:25.900Z,6600
Not Available,2018-06-17T02:58:36.900Z,Not Available,www.amazon.com.br,2018-06-17T02:58:26Z,10900
Not Available,2018-06-17T02:58:08.400Z,Not Available,www.amazon.com.br,2018-06-17T02:26:00.100Z,1928300
Not Available,2018-06-17T00:55:45.400Z,Not Available,www.amazon.com.br,2018-06-17T00:36:54.700Z,1130700
Not Available,2018-02-13T23:20:38.800Z,Not Available,www.amazon.com.br,2018-02-13T23:00:21.900Z,1216900
Not Available,2018-02-13T01:37:42.300Z,Not Available,www.amazon.com.br,2018-02-13T01:14:39.800Z,1382500
Not Available,2018-02-12T03:28:57.300Z,Not Available,www.amazon.com.br,2018-02-12T02:51:26.100Z,2251200
Not Available,2018-02-11T19:58:57.300Z,Not Available,www.amazon.com.br,2018-02-11T19:58:49.800Z,7500
Not Available,2018-02-11T19:49:43.500Z,Not Available,www.amazon.com.br,2018-02-11T19:44:10.100Z,333400
Not Available,2018-02-11T19:43:03.900Z,Not Available,www.amazon.com.br,2018-02-11T19:28:43.300Z,860600
Not Available,2018-02-11T16:51:01.300Z,Not Available,www.amazon.com.br,2018-02-11T16:15:40Z,2121300
Not Available,2018-02-11T15:09:50.700Z,Not Available,www.amazon.com.br,2018-02-11T14:46:01.300Z,1429400
Not Available,2018-02-11T05:43:12.200Z,Not Available,www.amazon.com.br,2018-02-11T05:12:33.900Z,1838300
Not Available,2018-02-11T02:43:55.700Z,Not Available,www.amazon.com.br,2018-02-11T01:46:36.100Z,3439600
Not Available,2018-02-11T01:28:20.800Z,Not Available,www.amazon.com.br,2018-02-11T01:03:31.600Z,1489200
Not Available,2018-02-11T01:03:11.300Z,Not Available,www.amazon.com.br,2018-02-11T00:28:53.700Z,2057600
Not Available,2018-02-11T00:24:40.200Z,Not Available,www.amazon.com.br,2018-02-11T00:08:29.900Z,970300
Not Available,2018-02-07T23:30:25.900Z,Not Available,www.amazon.com.br,2018-02-07T23:27:20.200Z,185700
Not Available,2018-02-07T02:58:24.400Z,Not Available,www.amazon.com.br,2018-02-07T02:22:22.600Z,2161800
Not Available,2018-02-06T21:48:59.500Z,Not Available,www.amazon.com.br,2018-02-06T21:35:01.300Z,838200
Not Available,2018-02-05T23:37:08.800Z,Not Available,www.amazon.com.br,2018-02-05T23:19:21.300Z,1067500
Not Available,2018-02-05T23:18:07.300Z,Not Available,www.amazon.com.br,2018-02-05T23:11:14.500Z,412800
B00AHI5XRU,2018-02-04T19:10:29.800Z,Rama II,www.amazon.com.br,2018-02-04T19:10:22.100Z,7700
Not Available,2018-02-04T19:09:51.900Z,Not Available,www.amazon.com.br,2018-02-04T19:09:48.900Z,3000
Not Available,2018-02-04T19:08:43.400Z,Not Available,www.amazon.com.br,2018-02-04T18:54:35.300Z,848100
Not Available,2018-02-03T20:28:04.100Z,Not Available,www.amazon.com.br,2018-02-03T20:11:34.700Z,989400
Not Available,2018-02-03T20:07:11.400Z,Not Available,www.amazon.com.br,2018-02-03T20:05:19Z,112400
Not Available,2018-02-03T20:00:25.300Z,Not Available,www.amazon.com.br,2018-02-03T19:54:39.600Z,345700
Not Available,2018-02-03T17:17:54.300Z,Not Available,www.amazon.com.br,2018-02-03T17:11:22.400Z,391900
Not Available,2018-02-03T17:08:21.300Z,Not Available,www.amazon.com.br,2018-02-03T16:55:17.700Z,783600
Not Available,2018-02-03T16:42:13.800Z,Not Available,www.amazon.com.br,2018-02-03T16:24:02.200Z,1091600
Not Available,2018-01-31T02:45:28.800Z,Not Available,www.amazon.com.br,2018-01-31T02:34:40.600Z,648200
Not Available,2018-01-30T15:01:59.300Z,Not Available,www.amazon.com.br,2018-01-30T14:54:10.100Z,469200
Not Available,2018-01-28T16:47:43.500Z,Not Available,www.amazon.com.br,2018-01-28T16:25:03.800Z,1359700
Not Available,2018-01-28T03:11:27.100Z,Not Available,www.amazon.com.br,2018-01-28T03:04:52.900Z,394200
Not Available,2018-01-28T02:57:59.700Z,Not Available,www.amazon.com.br,2018-01-28T02:36:44Z,1275700
Not Available,2018-01-27T19:45:28.300Z,Not Available,www.amazon.com.br,2018-01-27T19:30:55.100Z,873200
Not Available,2018-01-23T00:12:22Z,Not Available,www.amazon.com.br,2018-01-23T00:04:12.600Z,489400
Not Available,2018-01-22T15:11:42.800Z,Not Available,www.amazon.com.br,2018-01-22T14:56:39.300Z,903500
Not Available,2018-01-22T03:49:48.900Z,Not Available,www.amazon.com.br,2018-01-22T03:49:20.800Z,28100
Not Available,2018-01-22T03:49:03.100Z,Not Available,www.amazon.com.br,2018-01-22T03:12:05.300Z,2217800
Not Available,2018-01-21T19:11:59.800Z,Not Available,www.amazon.com.br,2018-01-21T18:53:30.200Z,1109600
Not Available,2018-01-20T15:17:37.100Z,Not Available,www.amazon.com.br,2018-01-20T15:02:33.300Z,903800
Not Available,2018-01-20T01:56:08.200Z,Not Available,www.amazon.com.br,2018-01-20T01:40:28.500Z,939700
Not Available,2018-01-19T23:20:35.300Z,Not Available,www.amazon.com.br,2018-01-19T23:03:00.300Z,1055000
Not Available,2018-01-19T22:43:36.400Z,Not Available,www.amazon.com.br,2018-01-19T22:43:23.500Z,12900
Not Available,2018-01-18T01:46:56.800Z,Not Available,www.amazon.com.br,2018-01-18T01:28:49.800Z,1087000
Not Available,2018-01-16T20:59:19.100Z,Not Available,www.amazon.com.br,2018-01-16T20:37:17.800Z,1321300
Not Available,2018-01-16T12:40:52.700Z,Not Available,www.amazon.com.br,2018-01-16T12:40:40.300Z,12400
Not Available,2018-01-16T00:04:20.200Z,Not Available,www.amazon.com.br,2018-01-15T23:42:46.200Z,1294000
Not Available,2018-01-15T21:07:19.900Z,Not Available,www.amazon.com.br,2018-01-15T20:46:06.300Z,1273600
Not Available,2018-01-14T01:46:47.800Z,Not Available,www.amazon.com.br,2018-01-14T01:26:14.500Z,1233300
Not Available,2018-01-13T18:03:11.500Z,Not Available,www.amazon.com.br,2018-01-13T18:03:08.900Z,2600
B004KPM1H6,2018-01-13T18:03:06.900Z,Double Dexter: Dexter Morgan (6),www.amazon.com.br,2018-01-13T18:01:33.400Z,93500
Not Available,2018-01-13T18:01:24.100Z,Not Available,www.amazon.com.br,2018-01-13T18:01:20.900Z,3200
Not Available,2018-01-13T17:51:51.900Z,Not Available,www.amazon.com.br,2018-01-13T17:38:55.200Z,776700
Not Available,2018-01-13T17:37:52.800Z,Not Available,www.amazon.com.br,2018-01-13T17:31:35.400Z,377400
Not Available,2018-01-13T02:32:35.600Z,Not Available,www.amazon.com.br,2018-01-13T02:04:14.700Z,1700900
Not Available,2018-01-13T01:51:31.700Z,Not Available,www.amazon.com.br,2018-01-13T01:51:16.600Z,15100
Not Available,2018-01-12T03:14:14.600Z,Not Available,www.amazon.com.br,2018-01-12T03:00:39.700Z,814900
Not Available,2018-01-12T01:08:54.300Z,Not Available,www.amazon.com.br,2018-01-12T00:40:51.200Z,1683100
Not Available,2018-01-11T01:29:12.700Z,Not Available,www.amazon.com.br,2018-01-11T01:21:36.400Z,456300
Not Available,2018-01-10T23:38:30.900Z,Not Available,www.amazon.com.br,2018-01-10T23:38:16.500Z,14400
Not Available,2018-01-10T23:34:03.700Z,Not Available,www.amazon.com.br,2018-01-10T23:16:46Z,1037700
Not Available,2018-01-09T01:34:38.200Z,Not Available,www.amazon.com.br,2018-01-09T00:57:50.700Z,2207500
Not Available,2018-01-08T14:24:59.400Z,Not Available,www.amazon.com.br,2018-01-08T13:58:39.800Z,1579600
Not Available,2018-01-06T23:36:14Z,Not Available,www.amazon.com.br,2018-01-06T23:11:57.600Z,1456400
Not Available,2018-01-05T14:41:53.300Z,Not Available,www.amazon.com.br,2018-01-05T14:31:28.800Z,624500
Not Available,2018-01-05T02:41:06.400Z,Not Available,www.amazon.com.br,2018-01-05T01:56:45.300Z,2661100
Not Available,2018-01-04T23:53:31.800Z,Not Available,www.amazon.com.br,2018-01-04T23:25:25.100Z,1686700
Not Available,2018-01-04T23:13:59.700Z,Not Available,www.amazon.com.br,2018-01-04T22:44:53.200Z,1746500
Not Available,2018-01-04T00:52:22.300Z,Not Available,www.amazon.com.br,2018-01-04T00:33:58.700Z,1103600
B019PIOJY0,2018-01-04T00:33:50Z,Harry Potter and the Chamber of Secrets,www.amazon.com.br,2018-01-04T00:33:50Z,0
B019PIOJY0,2018-01-04T00:33:50.700Z,Harry Potter and the Chamber of Secrets,www.amazon.com.br,2018-01-04T00:16:47.800Z,1022900
B019PIOJY0,2018-01-03T00:25:29Z,Harry Potter and the Chamber of Secrets,www.amazon.com.br,2018-01-03T00:25:29Z,0
B019PIOJY0,2018-01-03T00:25:29.600Z,Harry Potter and the Chamber of Secrets,www.amazon.com.br,2018-01-03T00:08:54.300Z,995300
